ExportComments.com,,,,,,,,,,,,,,,
Source URL,https://shopee.ph/Anta-Men-Kt-Fly-Klay-Thompson-Shoes-Basketball-Shoes-112321606-i.960701811.16594271766?publish_id=&sp_atk=3f8003e7-ca93-45d4-9466-dac55e080a1b&xptdk=3f8003e7-ca93-45d4-9466-dac55e080a1b,,,,,,,,,,,,,,
Timezone,UTC,,,,,,,,,,,,,,
Summary,Rating Total: 2074; No Stars: 3 reviews; *: 8 reviews; **: 16 reviews; ***: 98 reviews; ****: 1949 reviews;  With Context: 642;  With Image: 518;  With Media: 544;  Local Review: 2054;  Overall Fit Small: 1;  Overall Fit Fit: 87;  Oversea Review: 20; ,,,,,,,,,,,,,,
,,,,,,,,,,,,,,,
,,,,,,,,,,,,,,,
,,Author,Date,Rating,Rating Delivery Service,Rating Product Quality,Rating Seller Service,Review,Version,Oversea Shopping,Region,Picture included,Photos,Videos,(view source)
1,,cedricvillafuerte,11/05/23,5,5,5,5,"Suitability:10
Appearance:10
Quality:10

Sobrang ganda ng item 🫶🏻 will buy again next time 👌
https://cf.shopee.vn/file/ph-11134103-7qukx-lgnfmhmga8io44
https://cf.shopee.vn/file/ph-11134103-7qul8-lgnfmho47stc90
https://cf.shopee.vn/file/ph-11134103-7qul8-lgnfmho4n928e4
https://cf.shopee.vn/file/ph-11134103-7qul4-lgnfmhmga8yu87
https://cf.shopee.vn/file/ph-11134103-7qul2-lgnfmho47t9id1","blue/waterfall-2,8/41",no,ph,yes,"https://cf.shopee.vn/file/ph-11134103-7qukx-lgnfmhmga8io44, https://cf.shopee.vn/file/ph-11134103-7qul8-lgnfmho47stc90, https://cf.shopee.vn/file/ph-11134103-7qul8-lgnfmho4n928e4, https://cf.shopee.vn/file/ph-11134103-7qul4-lgnfmhmga8yu87, https://cf.shopee.vn/file/ph-11134103-7qul2-lgnfmho47t9id1",,view review
2,,leebogssy,12/05/23,4,5,4,5,"Suitability:10/10
Quality:10/10
Appearance:10/10

Destroyed box,

note: box is also important
https://cf.shopee.vn/file/ph-11134103-7qul8-lgor8b3zhequ6b
https://cf.shopee.vn/file/ph-11134103-7qul2-lgor8b3zwujkf7
https://cf.shopee.vn/file/ph-11134103-7qul1-lgor8b53frtsd7","white/blue-1,8.5/42",no,ph,yes,"https://cf.shopee.vn/file/ph-11134103-7qul8-lgor8b3zhequ6b, https://cf.shopee.vn/file/ph-11134103-7qul2-lgor8b3zwujkf7, https://cf.shopee.vn/file/ph-11134103-7qul1-lgor8b53frtsd7",,view review
3,,xandercraigestellore,13/05/23,5,5,5,5,"Quality:legit 💯nice ang gaan
Suitability:spikey ang sulit
Appearance:very very nice
https://cf.shopee.vn/file/ph-11134103-7qukz-lgqjl86eud4606
https://cf.shopee.vn/file/ph-11134103-7qul1-lgqjlj3afysmaf
https://cf.shopee.vn/file/ph-11134103-7qul7-lgqjlj3kfjq895","blue/waterfall-2,9/42.5",no,ph,yes,"https://cf.shopee.vn/file/ph-11134103-7qukz-lgqjl86eud4606, https://cf.shopee.vn/file/ph-11134103-7qul1-lgqjlj3afysmaf, https://cf.shopee.vn/file/ph-11134103-7qul7-lgqjlj3kfjq895",https://down-cvs-sg.vod.susercontent.com/api/v4/11110103/mms/ph-11110103-6jrnn-lgqjmnyymcpy63.16000051683980393.mp4,view review
4,,afrte,17/05/23,5,5,5,5,"Appearance:HIGH QUALITY
Quality:10/10
Suitability:GOODS

ANG GANDA . TRUE TO SIZE
https://cf.shopee.vn/file/ph-11134103-7qukx-lgvwrpkktxpi99
https://cf.shopee.vn/file/ph-11134103-7qul2-lgvwrpj6vycg50
https://cf.shopee.vn/file/ph-11134103-7qul2-lgvwrpiwwdeu87
https://cf.shopee.vn/file/ph-11134103-7qul1-lgvwrpj7belc0f","white/blue-1,9/42.5",no,ph,yes,"https://cf.shopee.vn/file/ph-11134103-7qukx-lgvwrpkktxpi99, https://cf.shopee.vn/file/ph-11134103-7qul2-lgvwrpj6vycg50, https://cf.shopee.vn/file/ph-11134103-7qul2-lgvwrpiwwdeu87, https://cf.shopee.vn/file/ph-11134103-7qul1-lgvwrpj7belc0f",,view review
5,,p*****6,19/05/23,5,5,5,5,"Appearance:astig
Quality:good

Thank you po seller mabilis ang ship out. Very accommodating si seller at makaabot sa flight ✈️ ko. Ang sarap po sa paa very comfortable. Salamat po. Until next transaction. Si kuya rider shout out sayo.
https://cf.shopee.vn/file/ph-11134103-7qukx-lgz4c1obhs6e27
https://cf.shopee.vn/file/ph-11134103-7quky-lgz4c1obhrq8d0","blue/waterfall-2,7/40",no,ph,yes,"https://cf.shopee.vn/file/ph-11134103-7qukx-lgz4c1obhs6e27, https://cf.shopee.vn/file/ph-11134103-7quky-lgz4c1obhrq8d0",,view review
6,,johnb26,19/05/23,5,5,5,5,"Quality:10/10
Appearance:10/10
Suitability:10/10

Legit !! 10days na pag aantay !! Dumating din. napaka kapit nya sa tiles sinubukan ko matunog din at malambot . Diko pa nasusubukan sa mismong court.  Pero tingin ko maganda to. ❤️
https://cf.shopee.vn/file/ph-11134103-7qul3-lgz63gpgjwyob8
https://cf.shopee.vn/file/ph-11134103-7qul6-lgz63qha92p2d7
https://cf.shopee.vn/file/ph-11134103-7qul4-lgz63y4t1va8c5
https://cf.shopee.vn/file/ph-11134103-7qul5-lgz6450azp462f","white/green/yellow-5,9.5/43",no,ph,yes,"https://cf.shopee.vn/file/ph-11134103-7qul3-lgz63gpgjwyob8, https://cf.shopee.vn/file/ph-11134103-7qul6-lgz63qha92p2d7, https://cf.shopee.vn/file/ph-11134103-7qul4-lgz63y4t1va8c5, https://cf.shopee.vn/file/ph-11134103-7qul5-lgz6450azp462f",https://down-cvs-sg.vod.susercontent.com/api/v4/11110103/mms/ph-11110103-6jrno-lgz64obcqkdcce.16000461684502496.mp4,view review
7,,raymoned101,25/05/23,5,5,5,5,"Appearance:Maganda
Quality:Very high quality material
Suitability:To be observed

True to size talaga. Maganda at sana mag tagal. Nagustohan ko
https://cf.shopee.vn/file/ph-11134103-7qula-lh713ixyrjj42f
https://cf.shopee.vn/file/ph-11134103-7qula-lh713ixysy3kb0","white/green/yellow-5,10.5/44.5",no,ph,yes,"https://cf.shopee.vn/file/ph-11134103-7qula-lh713ixyrjj42f, https://cf.shopee.vn/file/ph-11134103-7qula-lh713ixysy3kb0",https://down-cvs-sg.vod.susercontent.com/api/v4/11110103/mms/ph-11110103-6jrnl-lh7176lw1ucmd7.12000461684978486.mp4,view review
8,,jhezlorico,27/05/23,5,5,5,5,"Quality:Great!
Appearance:Great!
Suitability:Great!

Sulit! Quality is superb. Atpar with leading brands. Super underrated ang quality and design ng mga shoes ni Anta. Thanks!
https://cf.shopee.vn/file/ph-11134103-7qukz-lh9zhjjv5hpia8","blue/waterfall-2,8/41",no,ph,yes,https://cf.shopee.vn/file/ph-11134103-7qukz-lh9zhjjv5hpia8,https://down-cvs-sg.vod.susercontent.com/api/v4/11110103/mms/ph-11110103-6jrnl-lh9zi2adqen4a1.16000461685157232.mp4,view review
9,,milescielo,28/05/23,5,5,5,5,"Appearance:10/10
Suitability:10/10
Quality:10/10

This is a very good shoe for basketball players who want to move freely. It has excellent traction, comfortable and strong fit, and is best for playing outdoors because of its hard sole. If you like wearing Kobe's, you should try this one. 

Legit, 100% original. 👟👟
https://cf.shopee.vn/file/ph-11134103-7qul8-lhbzb5yebqn429
https://cf.shopee.vn/file/ph-11134103-7qul4-lhbzb5v2gm1sa9
https://cf.shopee.vn/file/ph-11134103-7qul7-lhbzb5ft2y00f5
https://cf.shopee.vn/file/ph-11134103-7qul6-lhbzb559idwma6
https://cf.shopee.vn/file/ph-11134103-7qul0-lhbzb559jsh266","white/blue-1,9.5/43",no,ph,yes,"https://cf.shopee.vn/file/ph-11134103-7qul8-lhbzb5yebqn429, https://cf.shopee.vn/file/ph-11134103-7qul4-lhbzb5v2gm1sa9, https://cf.shopee.vn/file/ph-11134103-7qul7-lhbzb5ft2y00f5, https://cf.shopee.vn/file/ph-11134103-7qul6-lhbzb559idwma6, https://cf.shopee.vn/file/ph-11134103-7qul0-lhbzb559jsh266",,view review
10,,m*****o,28/05/23,5,5,5,5,"Appearance:very nice
Quality:high quality materials

Thank you seller and shopee…
https://cf.shopee.vn/file/ph-11134103-7quky-lhc16uy64bkw66
https://cf.shopee.vn/file/ph-11134103-7qul2-lhc16uy65q5cdc","blue/waterfall-2,8/41",no,ph,yes,"https://cf.shopee.vn/file/ph-11134103-7quky-lhc16uy64bkw66, https://cf.shopee.vn/file/ph-11134103-7qul2-lhc16uy65q5cdc",https://down-cvs-sg.vod.susercontent.com/api/v4/11110103/mms/ph-11110103-6jrno-lhc1fe5miqowdf.16000461685281539.mp4,view review
11,,papum13,29/05/23,5,5,5,5,"Quality:very very good
Suitability:awesome
Appearance:super pogi, good looking

Ang Ganda, maayos ang packaging, safe na safe walang damage, pwede  ng pang jogging at pang porma👍🥰👍
https://cf.shopee.vn/file/ph-11134103-7qul4-lhczmi7dhvqea1
https://cf.shopee.vn/file/ph-11134103-7qula-lhczmi7djaau17","white/blue-1,9.5/43",no,ph,yes,"https://cf.shopee.vn/file/ph-11134103-7qul4-lhczmi7dhvqea1, https://cf.shopee.vn/file/ph-11134103-7qula-lhczmi7djaau17",,view review
12,,n*****3,29/05/23,5,5,5,5,"Quality:Good
Suitability:Nice
Appearance:Bad Boy

Maganda sya, at saktong sakto sakin ang sapatos. Tapos napaka porma pa 👍
Sa delivery medyo natagalan since overseas pa manggagaling pero ayos na din. Buti mabait si kuya rider at napag bigyan na ma claim ang item pag uwi ko sa trabaho. Salamat Anta and Shoppee. Salamat din kay kuya rider. Good job .
https://cf.shopee.vn/file/ph-11134103-7qul9-lhd8lc428otc34
https://cf.shopee.vn/file/ph-11134103-7qul8-lhd8lc42o5iedc
https://cf.shopee.vn/file/ph-11134103-7qul9-lhd8lc42o52889
https://cf.shopee.vn/file/ph-11134103-7qul8-lhd8lc428p9iee
https://cf.shopee.vn/file/ph-11134103-7qul1-lhd8lc605uxy28","white/blue-1,9.5/43",no,ph,yes,"https://cf.shopee.vn/file/ph-11134103-7qul9-lhd8lc428otc34, https://cf.shopee.vn/file/ph-11134103-7qul8-lhd8lc42o5iedc, https://cf.shopee.vn/file/ph-11134103-7qul9-lhd8lc42o52889, https://cf.shopee.vn/file/ph-11134103-7qul8-lhd8lc428p9iee, https://cf.shopee.vn/file/ph-11134103-7qul1-lhd8lc605uxy28",https://down-tx-sg.vod.susercontent.com/api/v4/11110103/mms/ph-11110103-6jrnk-lhd8pdxyu3mu12.12000461685354322.mp4,view review
13,,h*****a,02/06/23,5,5,5,5,"Appearance:100% all goods
Quality:legit
Suitability:very nice

Solid legit sobrang ganda gaan at kalit quality talaga d ka mag sisisi salamat anta more sales napaka ganda larong laro na ko hindi masisira amg tiwala nyo official store ito kaya bili na thank you more sales sa inyo and God bless
https://cf.shopee.vn/file/ph-11134103-7qul4-lhilsty3byzrf5
https://cf.shopee.vn/file/ph-11134103-7qukz-lhilstyxq7dz26
https://cf.shopee.vn/file/ph-11134103-7qula-lhilstyxar53b6","white/green/yellow-5,8.5/42",no,ph,yes,"https://cf.shopee.vn/file/ph-11134103-7qul4-lhilsty3byzrf5, https://cf.shopee.vn/file/ph-11134103-7qukz-lhilstyxq7dz26, https://cf.shopee.vn/file/ph-11134103-7qula-lhilstyxar53b6",https://down-tx-sg.vod.susercontent.com/api/v4/11110103/mms/ph-11110103-6jrnn-lhiltaj726tl43.16000461685679027.mp4,view review
14,,carlorossi007,06/06/23,5,5,5,5,"Suitability:Will suggest na mag one up kayo sa size
Appearance:Good
Quality:Solid

Sobrang squaky at napakagaan na shoes. Medyo mahina ankle support. Maganda cushioning
https://cf.shopee.vn/file/ph-11134103-7qul7-lhoceladykfbed
https://cf.shopee.vn/file/ph-11134103-7qul6-lhocelbsbzt5c2
https://cf.shopee.vn/file/ph-11134103-7qul5-lhocelany5t3f2
https://cf.shopee.vn/file/ph-11134103-7qul5-lhocelaee0o783","blue/waterfall-2,8.5/42",no,ph,yes,"https://cf.shopee.vn/file/ph-11134103-7qul7-lhoceladykfbed, https://cf.shopee.vn/file/ph-11134103-7qul6-lhocelbsbzt5c2, https://cf.shopee.vn/file/ph-11134103-7qul5-lhocelany5t3f2, https://cf.shopee.vn/file/ph-11134103-7qul5-lhocelaee0o783",,view review
15,,arthurbryanmariano,08/06/23,5,5,5,5,"go one size smaller para sa size mo, mejo delicate yung mga lalagyan ng sintas so careful sa pagsikip
https://cf.shopee.vn/file/ph-11134103-7qukz-lhrb7tson1t39a
https://cf.shopee.vn/file/ph-11134103-7qula-lhrb7tson2150e
https://cf.shopee.vn/file/ph-11134103-7qul2-lhrb90ji1s0906
https://cf.shopee.vn/file/ph-11134103-7qukz-lhrb90ji1rs740","white/green/yellow-5,9.5/43",no,ph,yes,"https://cf.shopee.vn/file/ph-11134103-7qukz-lhrb7tson1t39a, https://cf.shopee.vn/file/ph-11134103-7qula-lhrb7tson2150e, https://cf.shopee.vn/file/ph-11134103-7qul2-lhrb90ji1s0906, https://cf.shopee.vn/file/ph-11134103-7qukz-lhrb90ji1rs740",https://down-cvs-sg.vod.susercontent.com/api/v4/11110103/mms/ph-11110103-6jrno-lhrb8n1xsc953f.16000051686206047.mp4,view review
16,,f*****n,16/06/23,5,4,5,5,"Appearance:10/10
Quality:10/10
Suitability:TTS

another great pair from anta , i like the appearance of this shoes the quality is like what i've expected thanks anta will buy again 👍👍👍
https://cf.shopee.vn/file/ph-11134103-7qukw-li2p0ks1jx8m09","white/green/yellow-5,9.5/43",no,ph,yes,https://cf.shopee.vn/file/ph-11134103-7qukw-li2p0ks1jx8m09,,view review
17,,sid30,16/06/23,5,5,5,5,"Appearance:very good
Suitability:very good
Quality:very good

Legit orig nga...mejo mtgal lng bgo dumtng since sa china pa tlga mangga2ling...hlos 1wik bgo mu mrecieved...pero worth it nmn ung pghi2ntay...skto buks finals na nmin...maisa2bak q agd...nice ANTA OFFICIAL store...sa uulitin...order ulit aq pg my ipon na...hahahah
https://cf.shopee.vn/file/ph-11134103-7qul3-li2zcd496zbw35
https://cf.shopee.vn/file/ph-11134103-7qul8-li2zcd1ramme6f
https://cf.shopee.vn/file/ph-11134103-7qul5-li2zcd712x5o4e","white/blue-1,8/41",no,ph,yes,"https://cf.shopee.vn/file/ph-11134103-7qul3-li2zcd496zbw35, https://cf.shopee.vn/file/ph-11134103-7qul8-li2zcd1ramme6f, https://cf.shopee.vn/file/ph-11134103-7qul5-li2zcd712x5o4e",https://down-cvs-sg.vod.susercontent.com/api/v4/11110103/mms/ph-11110103-6jrnl-li2zd3xtxyx22a.16000461686912507.mp4,view review
18,,p*****h,27/06/23,5,5,5,5,"Appearance:Maganda ang shoes na ito.
Quality:10/10
Suitability:10/10

Ang bilis ng delivery, expected makarating ay sa July 4 pa, pero nakarating a week before the delivery date.
Inlove na yung asawa ko sa shoes niya.
https://cf.shopee.vn/file/ph-11134103-7qul6-liin4ex4g3ye95
https://cf.shopee.vn/file/ph-11134103-7qul6-liin4ex4kbnqfb
https://cf.shopee.vn/file/ph-11134103-7qul7-liin4ex4hiiu2d
https://cf.shopee.vn/file/ph-11134103-7qul9-liin4ex4lq8655
https://cf.shopee.vn/file/ph-11134103-7qul8-liin4ex4ix3a51","white/green/yellow-5,8.5/42",no,ph,yes,"https://cf.shopee.vn/file/ph-11134103-7qul6-liin4ex4g3ye95, https://cf.shopee.vn/file/ph-11134103-7qul6-liin4ex4kbnqfb, https://cf.shopee.vn/file/ph-11134103-7qul7-liin4ex4hiiu2d, https://cf.shopee.vn/file/ph-11134103-7qul9-liin4ex4lq8655, https://cf.shopee.vn/file/ph-11134103-7qul8-liin4ex4ix3a51",https://down-tx-sg.vod.susercontent.com/api/v4/11110103/mms/ph-11110103-6jrnm-liin95e2ik1y4a.16000461687860741.mp4,view review
19,,wendellreinon203,05/07/23,5,5,5,5,"Appearance:so nice and neat
Quality:amazing!
Suitability:great

i really like it. pwede pangporma, pangjogging at basketball.
https://cf.shopee.vn/file/ph-11134103-7qukx-liue7nafp8ue38
https://cf.shopee.vn/file/ph-11134103-7qul4-liue7nafnu9yed
https://cf.shopee.vn/file/ph-11134103-7qul0-liue7n9vonie31","white/blue-1,9/42.5",no,ph,yes,"https://cf.shopee.vn/file/ph-11134103-7qukx-liue7nafp8ue38, https://cf.shopee.vn/file/ph-11134103-7qul4-liue7nafnu9yed, https://cf.shopee.vn/file/ph-11134103-7qul0-liue7n9vonie31",,view review
20,,b*****o,06/07/23,5,5,5,5,"Appearance:excellent
Quality:excellent
Suitability:excellent

waaah! super ganda neto😍 pwede din pang regalo sa mga jowa nyo🤗 sulit na sulit thankyou so much seller😍 sa uulitin☺️ God bless you!
https://cf.shopee.vn/file/ph-11134103-7qul9-liv4jhzj864md2
https://cf.shopee.vn/file/ph-11134103-7quky-liv4jhzj9kp268
https://cf.shopee.vn/file/ph-11134103-7qul3-liv4jhzjaz9id4
https://cf.shopee.vn/file/ph-11134103-7qul4-liv4jhzjcdty30
https://cf.shopee.vn/file/ph-11134103-7qul6-liv4jhzjdseef9","white/blue-1,9/42.5",no,ph,yes,"https://cf.shopee.vn/file/ph-11134103-7qul9-liv4jhzj864md2, https://cf.shopee.vn/file/ph-11134103-7quky-liv4jhzj9kp268, https://cf.shopee.vn/file/ph-11134103-7qul3-liv4jhzjaz9id4, https://cf.shopee.vn/file/ph-11134103-7qul4-liv4jhzjcdty30, https://cf.shopee.vn/file/ph-11134103-7qul6-liv4jhzjdseef9",https://down-tx-sg.vod.susercontent.com/api/v4/11110103/mms/ph-11110103-6jrno-liv4kp20790c32.16000461688616256.mp4,view review
21,,faye2020_newnormz,09/07/23,5,5,5,5,"Quality:good
Appearance:nice
Suitability:suit well

My husband love it so much. He used it in his game immediately. So soft and lightweigth. Like the design and color. Hope it will last long. Fits well in his feet. We recieved exact size
https://cf.shopee.vn/file/ph-11134103-7qukx-lizme5uvlqose1
https://cf.shopee.vn/file/ph-11134103-7qul6-lizme5uv22h228
https://cf.shopee.vn/file/ph-11134103-7qukx-lizme5sd5qak04
https://cf.shopee.vn/file/ph-11134103-7qul3-lizme5sd5q1215","white/blue-1,8.5/42",no,ph,yes,"https://cf.shopee.vn/file/ph-11134103-7qukx-lizme5uvlqose1, https://cf.shopee.vn/file/ph-11134103-7qul6-lizme5uv22h228, https://cf.shopee.vn/file/ph-11134103-7qukx-lizme5sd5qak04, https://cf.shopee.vn/file/ph-11134103-7qul3-lizme5sd5q1215",https://down-tx-sg.vod.susercontent.com/api/v4/11110103/mms/ph-11110103-6jrnk-lizmebomj3t219.16000461688888339.mp4,view review
22,,r*****i,10/07/23,5,5,5,5,"Appearance:Great
Quality:High Quality

Got it at an affordable price and the seller shipped the product immediately. Glad that it doesn't have excessive bubble wrap, yet the item arrived in excellent condition—even its box. Shoes itself is comfortable to wear and fits just right according to the person I gave it to.
https://cf.shopee.vn/file/ph-11134103-7qula-lj12qtdsf3lyfe
https://cf.shopee.vn/file/ph-11134103-7qul6-lj12qteceadie9
https://cf.shopee.vn/file/ph-11134103-7qul7-lj12qtdsf3vg34","white/blue-1,9/42.5",no,ph,yes,"https://cf.shopee.vn/file/ph-11134103-7qula-lj12qtdsf3lyfe, https://cf.shopee.vn/file/ph-11134103-7qul6-lj12qteceadie9, https://cf.shopee.vn/file/ph-11134103-7qul7-lj12qtdsf3vg34",,view review
23,,d*****6,14/07/23,5,5,5,5,"Suitability:perfectly fit
Appearance:what you see is what you get
Quality:high quality original

Amazing product item shipped immediately no damages or anything thank you seller will order other items soon","white/green/yellow-5,8.5/42",no,ph,no,,,view review
24,,lemuelelven,17/07/23,5,5,5,5,"Appearance:dekalidad
Suitability:good for PG, SG, PF
Quality:Dekalidad,

Kung nagpunta ka rito sa mga review para pagbasehan ang iba. Bilin mo na agad sulit sa pera kesa sa peke ka bumagsak.
https://cf.shopee.vn/file/ph-11134103-7qula-ljazuayc7srgea","white/green/yellow-5,10/44",no,ph,yes,https://cf.shopee.vn/file/ph-11134103-7qula-ljazuayc7srgea,https://down-tx-sg.vod.susercontent.com/api/v4/11110103/mms/ph-11110103-6jrnn-ljazuozbotb073.16000461689576832.mp4,view review
25,,docbil14,21/07/23,5,5,5,5,"Quality:super Good
Appearance:10/10

Thank You So Much . One week and more. Bago dumating super ganda.. ingay gamitin. Solid!
https://cf.shopee.vn/file/ph-11134103-7qul6-ljh3llng3pt88f
https://cf.shopee.vn/file/ph-11134103-7qul7-ljh3llko7rzge6
https://cf.shopee.vn/file/ph-11134103-7qul4-ljh3llhwbu5o89
https://cf.shopee.vn/file/ph-11134103-7qul3-ljh3llng54dob5
https://cf.shopee.vn/file/ph-11134103-7quky-ljh3llkon88c80","white/green/yellow-5,9/42.5",no,ph,yes,"https://cf.shopee.vn/file/ph-11134103-7qul6-ljh3llng3pt88f, https://cf.shopee.vn/file/ph-11134103-7qul7-ljh3llko7rzge6, https://cf.shopee.vn/file/ph-11134103-7qul4-ljh3llhwbu5o89, https://cf.shopee.vn/file/ph-11134103-7qul3-ljh3llng54dob5, https://cf.shopee.vn/file/ph-11134103-7quky-ljh3llkon88c80",,view review
26,,j*****e,26/07/23,5,5,5,5,"Suitability:great
Appearance:excellent
Quality:excellent

Shipped immediately, ang ganda quality nagistuhan ng anak ko ginamot nya agad panlaro ,
Looking forward to more orders of Anta shoes😍
https://cf.shopee.vn/file/ph-11134103-7qul9-ljnu1i8zre6n9a","white/blue-1,11/45",no,ph,yes,https://cf.shopee.vn/file/ph-11134103-7qul9-ljnu1i8zre6n9a,https://down-tx-sg.vod.susercontent.com/api/v4/11110103/mms/ph-11110103-6jrnl-ljnu2c81uwzz0f.16000461690354052.mp4,view review
27,,davemaneze,04/08/23,4,5,4,4,"Suitability:Seems good
Quality:Good
Appearance:Very Good

May sira lang tulad sa laces may cut tapos yung tahi medyo may putol putol
https://cf.shopee.vn/file/ph-11134103-7qul2-lk0w08kn7csv67
https://cf.shopee.vn/file/ph-11134103-7qula-lk0w08kna5ikb5
https://cf.shopee.vn/file/ph-11134103-7qul4-lk0w08kn7cdocb","white/blue-1,11/45",no,ph,yes,"https://cf.shopee.vn/file/ph-11134103-7qul2-lk0w08kn7csv67, https://cf.shopee.vn/file/ph-11134103-7qula-lk0w08kna5ikb5, https://cf.shopee.vn/file/ph-11134103-7qul4-lk0w08kn7cdocb",,view review
28,,lhanderugbaniel,05/08/23,5,5,5,5,"Quality:very nice

my boyfriend loved it maganda yung quality and very true to size siya and nag spike pa. thank you so much seller ❤️
https://cf.shopee.vn/file/ph-11134103-7qul2-lk1uvzom2mbz82","white/blue-1,9.5/43",no,ph,yes,https://cf.shopee.vn/file/ph-11134103-7qul2-lk1uvzom2mbz82,https://down-tx-sg.vod.susercontent.com/api/v4/11110103/mms/ph-11110103-6jrno-lk1uw40tq0svb2.16000051691202918.mp4,view review
29,,theshipperer,06/08/23,5,5,5,5,"Suitability:ang ganda
Quality:quality talaga recommend talaga to kaysa sa mga UA pair or fake na tag 2.5k
Appearance:ganda

Recommend to instead of buying UA na fake din naman.
https://cf.shopee.vn/file/ph-11134103-7qul2-lk3dk9pzww30fd
https://cf.shopee.vn/file/ph-11134103-7quky-lk3dk9obzc7j74","white/blue-1,11/45",no,ph,yes,"https://cf.shopee.vn/file/ph-11134103-7qul2-lk3dk9pzww30fd, https://cf.shopee.vn/file/ph-11134103-7quky-lk3dk9obzc7j74",,view review
30,,p*****z,09/08/23,5,5,5,5,"Appearance:10/10
Quality:10/10
Suitability:10/10

Legit...!!! Ganda ng item... Ganda ng spike makapit at ang ingay pag ginamit.. advance ng 2days pa dumating sa estimated time 👍👍👍
https://cf.shopee.vn/file/ph-11134103-7qul3-lk7wsm8s9p5bb2
https://cf.shopee.vn/file/ph-11134103-7qul5-lk7wsm92ap3jb0","white/blue-1,8/41",no,ph,yes,"https://cf.shopee.vn/file/ph-11134103-7qul3-lk7wsm8s9p5bb2, https://cf.shopee.vn/file/ph-11134103-7qul5-lk7wsm92ap3jb0",https://down-tx-sg.vod.susercontent.com/api/v4/11110103/mms/ph-11110103-6jrnk-lk7wtd2n09yk0f.default.mp4,view review
31,,klayman18,10/08/23,5,5,5,5,"Suitability:perfect
Appearance:awesome
Quality:great

Legit Anta Shoes. I really love the shoes, stylish comfortable and quality basketball shoes. True to size. Thank you seller till my next purchase
https://cf.shopee.vn/file/ph-11134103-7qul8-lk8y67v5tllb28","white/green/yellow-5,9.5/43",no,ph,yes,https://cf.shopee.vn/file/ph-11134103-7qul8-lk8y67v5tllb28,https://down-tx-sg.vod.susercontent.com/api/v4/11110103/mms/ph-11110103-6jrnk-lk8y6sh3nujwe0.default.mp4,view review
32,,damboii2020,11/08/23,5,5,5,5,"Quality:10/10
Appearance:10/10
Suitability:10/10

This is my 2nd time that I ordered Anta basketball shoes 😎
💯 Legit. Thumbs up 👍🏻 👍🏻 
Hopefully Nexttime there’s a freebies. 😁
https://cf.shopee.vn/file/ph-11134103-7qul9-lkarxo24pxku2e","white/green/yellow-5,10/44",no,ph,yes,https://cf.shopee.vn/file/ph-11134103-7qul9-lkarxo24pxku2e,,view review
33,,rururcfire,11/08/23,5,5,5,5,"Legit na legit. Makapit at malambot sa paa

Dumating kaninang hapon, ginamit ko na agad sa liga nung gabi
Mabilis din ang shipping at delivery!
https://cf.shopee.vn/file/ph-11134103-7qula-lkb6mrhj2s7291","white/green/yellow-5,9.5/43",no,ph,yes,https://cf.shopee.vn/file/ph-11134103-7qula-lkb6mrhj2s7291,,view review
34,,easepresso,21/08/23,5,3,5,5,"Appearance:Goods

Malakas spike. One week nga lang talaga before dumating pero worth it naman hehehehe. magand ung outsole malambot. add size kayo kung mej malapad paa niyo 😏
https://cf.shopee.vn/file/ph-11134103-7r98o-lkp6kslf4qpi37
https://cf.shopee.vn/file/ph-11134103-7r98o-lkp6ksk1866922
https://cf.shopee.vn/file/ph-11134103-7r98o-lkp6ksk16rltd9
https://cf.shopee.vn/file/ph-11134103-7r98o-lkp6ksk16rsma8
https://cf.shopee.vn/file/ph-11134103-7r98o-lkp6ksk186d274","white/blue-1,9.5/43",no,ph,yes,"https://cf.shopee.vn/file/ph-11134103-7r98o-lkp6kslf4qpi37, https://cf.shopee.vn/file/ph-11134103-7r98o-lkp6ksk1866922, https://cf.shopee.vn/file/ph-11134103-7r98o-lkp6ksk16rltd9, https://cf.shopee.vn/file/ph-11134103-7r98o-lkp6ksk16rsma8, https://cf.shopee.vn/file/ph-11134103-7r98o-lkp6ksk186d274",https://down-tx-sg.vod.susercontent.com/api/v4/11110103/mms/ph-11110103-6ke14-lkp6lust80ty70.default.mp4,view review
35,,r*****8,25/08/23,5,5,5,5,"Quality:ang ganda
Suitability:solid
Appearance:apaka ganda

Dko enexpect na idedeliver agad apaka ganda talaga anta salamat anta and syemore salamat kay kuya driver na responsible talaga sa order ko goods yung packaging hindi nasira yung box unlike yung iba basta solid apaka ganda
https://cf.shopee.vn/file/ph-11134103-7r98o-lkv2hao94ch3a7","white/blue-1,7/40",no,ph,yes,https://cf.shopee.vn/file/ph-11134103-7r98o-lkv2hao94ch3a7,,view review
36,,michaelvinventlim,09/09/23,5,5,5,5,"Suitability:nice
Quality:nice
Appearance:nice

First order. Very nice and comfortable true to size. Thanks shoppe
https://cf.shopee.vn/file/ph-11134103-7r98y-llg5g45a7emb40
https://cf.shopee.vn/file/ph-11134103-7r992-llg5g45a8t6r21
https://cf.shopee.vn/file/ph-11134103-7r98r-llg5g45aa7r726
https://cf.shopee.vn/file/ph-11134103-7r98y-llg5g45abmbnf8
https://cf.shopee.vn/file/ph-11134103-7r98q-llg5g45ad0w354","white/blue-1,9/42.5",no,ph,yes,"https://cf.shopee.vn/file/ph-11134103-7r98y-llg5g45a7emb40, https://cf.shopee.vn/file/ph-11134103-7r992-llg5g45a8t6r21, https://cf.shopee.vn/file/ph-11134103-7r98r-llg5g45aa7r726, https://cf.shopee.vn/file/ph-11134103-7r98y-llg5g45abmbnf8, https://cf.shopee.vn/file/ph-11134103-7r98q-llg5g45ad0w354",,view review
37,,paulopadyao,10/09/23,5,5,5,5,"Quality:very good, legit from anta china mainland
Appearance:maganda, breathable, nice, pang porma pang laro
Suitability:breathable, basketball, point guard use

Thanks Anta great job and shoppee expect mo ng lukot talaga ung box kasi dami pang dadaan which is ok para sakin will edit review pag nag update na next month. Maganda , mabilis nadin shipping kasi from china pa pag nasa pinas na mabilis na yan. Kudos shoppe pag appliances at ganto mga bagay na pinagiipunan d kayo nag papabaya sa item ung item talaga sa seller na dadating sayo thanks so far tiwala sa shopee at anta thanks happy customer here, basketball use only, malambot comportable at breathable pang point guard ung shoes pwde runinng , volleyball , casual user lang ako pero masasabi ok sxa thanks. Sa sizing pla pareho sxa sa nike kung mgsusukat kayo dapat my reference kayo ng iba sapatos pars masukat. Sukat sakin paa 8 us pls noted this sizing para tama size na dadating sa inyo one plus ako kasi pang basketball tlg
https://cf.shopee.vn/file/ph-11134103-7r990-llhrgq1wvs1vde
https://cf.shopee.vn/file/ph-11134103-7r98w-llhrgq1wvrle75
https://cf.shopee.vn/file/ph-11134103-7r991-llhrgq30u5kzcd
https://cf.shopee.vn/file/ph-11134103-7r990-llhrgq0sxeirb5
https://cf.shopee.vn/file/ph-11134103-7r990-llhrgq30u54i2f","white/green/yellow-5,8/41",no,ph,yes,"https://cf.shopee.vn/file/ph-11134103-7r990-llhrgq1wvs1vde, https://cf.shopee.vn/file/ph-11134103-7r98w-llhrgq1wvrle75, https://cf.shopee.vn/file/ph-11134103-7r991-llhrgq30u5kzcd, https://cf.shopee.vn/file/ph-11134103-7r990-llhrgq0sxeirb5, https://cf.shopee.vn/file/ph-11134103-7r990-llhrgq30u54i2f",https://down-tx-sg.vod.susercontent.com/api/v4/11110103/mms/ph-11110103-6ke16-llhrft72yp2qc9.default.mp4,view review
38,,t*****e,11/09/23,5,3,5,5,"Quality:10/10
Appearance:10/10

goods na goods ung item. legit. problema lang ay sa deliver kasi napaka tagal. inabot dn ng 3weeks 🥲
pero sulit naman ung item.
pwde na ipang laro agad 😀
https://cf.shopee.vn/file/ph-11134103-7r98s-llj5gt7rausyc3
https://cf.shopee.vn/file/ph-11134103-7r992-llj5gtw6b4xvc9","white/green/yellow-5,8/41",no,ph,yes,"https://cf.shopee.vn/file/ph-11134103-7r98s-llj5gt7rausyc3, https://cf.shopee.vn/file/ph-11134103-7r992-llj5gtw6b4xvc9",,view review
39,,bherenz_20,14/09/23,5,5,5,5,"Quality:Orig na orig feeling ko tatagal talaga sya saken
Suitability:saktong sakto
Appearance:Napakaganda nakakaamaze ang ichura nya

Lupet ng sapatos angas ng dating. Dito na ko. Lagi oorder thanks so much sa seller mabilis pang dumating kahit mainland china pa galing  5 star para sakin
https://cf.shopee.vn/file/ph-11134103-7r991-llnlg236qyhy47
https://cf.shopee.vn/file/ph-11134103-7r98t-llnlg236sd2e70
https://cf.shopee.vn/file/ph-11134103-7r990-llnlg236trmue4","white/green/yellow-5,8.5/42",no,ph,yes,"https://cf.shopee.vn/file/ph-11134103-7r991-llnlg236qyhy47, https://cf.shopee.vn/file/ph-11134103-7r98t-llnlg236sd2e70, https://cf.shopee.vn/file/ph-11134103-7r990-llnlg236trmue4",,view review
40,,b*****0,18/09/23,5,5,5,5,"Suitability:very suitable
Appearance:very good
Quality:good quality

super nice da shoes... worth for its price👍👍👍
thanks seller
https://cf.shopee.vn/file/ph-11134103-7r98x-llt0z4h76m7lc5","Blue/Waterfall-2,9.5/43",no,ph,yes,https://cf.shopee.vn/file/ph-11134103-7r98x-llt0z4h76m7lc5,https://down-tx-sg.vod.susercontent.com/api/v4/11110103/mms/ph-11110103-6ke16-llt0zfo2t21b76.default.mp4,view review
41,,robertangelovillanueva,18/09/23,5,5,5,5,"Quality:Very Good Quality talaga nga bossing Salamat Seller
Appearance:Very Good
Suitability:Very Good

Kng gusto niyu na Maganda na Quality dito na kayu sa shop nato di kayu mag sisi napaka handa talaga as in Salamat po 🥰🥰😘😘
https://cf.shopee.vn/file/ph-11134103-7r98z-llt1wg49nkpb75
https://cf.shopee.vn/file/ph-11134103-7r98p-llt1wg4tmrgvac
https://cf.shopee.vn/file/ph-11134103-7r98v-llt1wg403fg1eb
https://cf.shopee.vn/file/ph-11134103-7r98u-llt1wg3znz75fb","White/Green/Yellow-5,8.5/42",no,ph,yes,"https://cf.shopee.vn/file/ph-11134103-7r98z-llt1wg49nkpb75, https://cf.shopee.vn/file/ph-11134103-7r98p-llt1wg4tmrgvac, https://cf.shopee.vn/file/ph-11134103-7r98v-llt1wg403fg1eb, https://cf.shopee.vn/file/ph-11134103-7r98u-llt1wg3znz75fb",https://down-tx-sg.vod.susercontent.com/api/v4/11110103/mms/ph-11110103-6ke16-llt1wpba765t88.default.mp4,view review
42,,jakecabataa,21/09/23,5,5,5,5,"Appearance:100/100 sobrang ganda
Quality:100/100 Legit original
Suitability:100/100 fit na fit sakto yung pinadala

Sulit na sulit to mga par,order na!
Malakas din ang kapit at tumutunog syempre.
https://cf.shopee.vn/file/ph-11134103-7r98w-llx7jgrcpuy96f
https://cf.shopee.vn/file/ph-11134103-7r990-llx7jgrcpv2nbe
https://cf.shopee.vn/file/ph-11134103-7r98w-llx7jgr2q9kh45
https://cf.shopee.vn/file/ph-11134103-7r98o-llx7jgrd5bbjbc
https://cf.shopee.vn/file/ph-11134103-7r98z-llx7jgsgo8hdf6","Blue/Waterfall-2,9.5/43",no,ph,yes,"https://cf.shopee.vn/file/ph-11134103-7r98w-llx7jgrcpuy96f, https://cf.shopee.vn/file/ph-11134103-7r990-llx7jgrcpv2nbe, https://cf.shopee.vn/file/ph-11134103-7r98w-llx7jgr2q9kh45, https://cf.shopee.vn/file/ph-11134103-7r98o-llx7jgrd5bbjbc, https://cf.shopee.vn/file/ph-11134103-7r98z-llx7jgsgo8hdf6",https://down-tx-sg.vod.susercontent.com/api/v4/11110103/mms/ph-11110103-6ke17-llx7nt35y8kx8b.default.mp4,view review
43,,p*****t,26/09/23,5,5,5,5,"Appearance:Very Nice, and the materials are very good
Suitability:Need plus 1 size 👍👍
Quality:Very authentic, original 👍👍

10 out of 10 very nice and highly recommended
https://cf.shopee.vn/file/ph-11134103-7r98y-lm48vdj7b1xr19
https://cf.shopee.vn/file/ph-11134103-7r98s-lm48vdj7b1tdcf
https://cf.shopee.vn/file/ph-11134103-7r98w-lm48vdj6vlov9b
https://cf.shopee.vn/file/ph-11134103-7r98z-lm48vdj6vlkh90
https://cf.shopee.vn/file/ph-11134103-7r98u-lm48vdjqw6wheb","Blue/Waterfall-2,10.5/44.5",no,ph,yes,"https://cf.shopee.vn/file/ph-11134103-7r98y-lm48vdj7b1xr19, https://cf.shopee.vn/file/ph-11134103-7r98s-lm48vdj7b1tdcf, https://cf.shopee.vn/file/ph-11134103-7r98w-lm48vdj6vlov9b, https://cf.shopee.vn/file/ph-11134103-7r98z-lm48vdj6vlkh90, https://cf.shopee.vn/file/ph-11134103-7r98u-lm48vdjqw6wheb",https://down-tx-sg.vod.susercontent.com/api/v4/11110103/mms/ph-11110103-6ke17-lm491yyrf9ip79.default.mp4,view review
44,,prettyma,27/09/23,5,5,5,5,"Suitability:9/10
Quality:10/10
Appearance:10/10

Ang saya ni hubby. Gustong gusto nya ang sarap daw sa pa. Best buy talaga kasi naka sale na ng 3,995 tas nakakuha pa ng voucher na 1200 kaya ang mura nlng nakuha q. While i paid 5k sa anta ng anak sa SM dito 2,800 something lang. Ty shopee😊
https://cf.shopee.vn/file/ph-11134103-7r98z-lm5ve1r5wb1t2f
https://cf.shopee.vn/file/ph-11134103-7r98t-lm5ve1r5xpm9df
https://cf.shopee.vn/file/ph-11134103-7r98v-lm5ve1r5z46pef
https://cf.shopee.vn/file/ph-11134103-7r98w-lm5ve1r60ir549","Blue/Waterfall-2,12/46",no,ph,yes,"https://cf.shopee.vn/file/ph-11134103-7r98z-lm5ve1r5wb1t2f, https://cf.shopee.vn/file/ph-11134103-7r98t-lm5ve1r5xpm9df, https://cf.shopee.vn/file/ph-11134103-7r98v-lm5ve1r5z46pef, https://cf.shopee.vn/file/ph-11134103-7r98w-lm5ve1r60ir549",https://down-tx-sg.vod.susercontent.com/api/v4/11110103/mms/ph-11110103-6ke14-lm5vfdxbel0x48.default.mp4,view review
45,,colourful.clothing,02/10/23,5,5,5,4,"Quality:10/10
Appearance:10/10
Suitability:9/10

Nice! Legit Anta bb shoes 😍 nagustuhan ng kapatid ko, at maganda rin naman tlaga ang quality. Medyo kulang lang sa packaging kasi hindi man lang bubble wrap knowing manggagaling pa sya overseas. Got this for only 2,700 great steal! Overall goods ang item 👍
https://cf.shopee.vn/file/ph-11134103-7r98t-lmdg1wkqx4zz37
https://cf.shopee.vn/file/ph-11134103-7r98q-lmdg1wk6ihv52e
https://cf.shopee.vn/file/ph-11134103-7r991-lmdg1wkqhor351","Blue/Waterfall-2,10.5/44.5",no,ph,yes,"https://cf.shopee.vn/file/ph-11134103-7r98t-lmdg1wkqx4zz37, https://cf.shopee.vn/file/ph-11134103-7r98q-lmdg1wk6ihv52e, https://cf.shopee.vn/file/ph-11134103-7r991-lmdg1wkqhor351",,view review
46,,jellou23,04/10/23,5,5,5,5,"Appearance:maganda
Suitability:true to size
Quality:tatry palang. pero mukang matibay

Origgggg origgggg...
https://cf.shopee.vn/file/ph-11134103-7r98y-lmg2f2dch7rj45
https://cf.shopee.vn/file/ph-11134103-7r98q-lmg2f1k7qnpr76
https://cf.shopee.vn/file/ph-11134103-7r98t-lmg2f1k7nukv3c
https://cf.shopee.vn/file/ph-11134103-7r98w-lmg2f1k7nugh4d","Blue/Waterfall-2,8/41",no,ph,yes,"https://cf.shopee.vn/file/ph-11134103-7r98y-lmg2f2dch7rj45, https://cf.shopee.vn/file/ph-11134103-7r98q-lmg2f1k7qnpr76, https://cf.shopee.vn/file/ph-11134103-7r98t-lmg2f1k7nukv3c, https://cf.shopee.vn/file/ph-11134103-7r98w-lmg2f1k7nugh4d",,view review
47,,m*****s,06/10/23,5,5,5,5,"Worth the wait! Ganda ng shoes. Quality! Malambot ang cushion! Sulit ang pera dito. Legit! Thank you very much seller and sa rider! Suki na ako ni kuya rider.
https://cf.shopee.vn/file/ph-11134103-7r98x-lmiecst4jw5r37
https://cf.shopee.vn/file/ph-11134103-7r992-lmiecsuihv2ndc","White/Blue-1,9.5/43",no,ph,yes,"https://cf.shopee.vn/file/ph-11134103-7r98x-lmiecst4jw5r37, https://cf.shopee.vn/file/ph-11134103-7r992-lmiecsuihv2ndc",,view review
48,,dexie_13,08/10/23,5,5,5,5,"Appearance:Ganda nya personally.
Suitability:perfect
Quality:10/10

Ang Gaan at ang lambot  nya, subrang kapit din sa sahig hnd kayo magsisisi. Recommended ang shop mall na e2 original talaga item nila legit anta.
Share ko lang ung sizes.
26cm ang sukat ng paa ko. 

Order ko.
US9. 
EUR42.5 
Foot length 26.3cm

Saktong sakto lang kahit mag tatlong patung ng mejas kayo pwdng pwd. Walang alog sa paa.
https://cf.shopee.vn/file/ph-11134103-7r98z-lmlgmd606t4h00
https://cf.shopee.vn/file/ph-11134103-7r98z-lmlgmd5zbwr3ed
https://cf.shopee.vn/file/ph-11134103-7r98w-lmlgmd4vdj7z2d
https://cf.shopee.vn/file/ph-11134103-7r991-lmlgmd5zbwmp06
https://cf.shopee.vn/file/ph-11134103-7r98w-lmlgmd5zrcvl63","White/Green/Yellow-5,9/42.5",no,ph,yes,"https://cf.shopee.vn/file/ph-11134103-7r98z-lmlgmd606t4h00, https://cf.shopee.vn/file/ph-11134103-7r98z-lmlgmd5zbwr3ed, https://cf.shopee.vn/file/ph-11134103-7r98w-lmlgmd4vdj7z2d, https://cf.shopee.vn/file/ph-11134103-7r991-lmlgmd5zbwmp06, https://cf.shopee.vn/file/ph-11134103-7r98w-lmlgmd5zrcvl63",https://down-tx-sg.vod.susercontent.com/api/v4/11110103/mms/ph-11110103-6ke17-lmlgn9olqub5ca.default.mp4,view review
49,,j_kevin_19,08/10/23,4,5,4,4,"Suitability:True to size
Quality:Great
Appearance:Looks Good

The product is great and in really good condition though there is no bubble wrap on the package. It's just the box of the shoe that protects the product.
https://cf.shopee.vn/file/ph-11134103-7r98v-lmmdnjtx3u9d60
https://cf.shopee.vn/file/ph-11134103-7r98x-lmmdnjtn48zz6d","White/Blue-1,9/42.5",no,ph,yes,"https://cf.shopee.vn/file/ph-11134103-7r98v-lmmdnjtx3u9d60, https://cf.shopee.vn/file/ph-11134103-7r98x-lmmdnjtn48zz6d",https://down-cvs-sg.vod.susercontent.com/api/v4/11110103/mms/ph-11110103-6ke18-lmmdo3s9wm41cd.default.mp4,view review
50,,fishbone_22,11/10/23,5,4,5,4,"Quality:quality of the product is great! Materials used are quality!
Appearance:appearance looks great! Looks good in person.
Suitability:suitable for basketball and training, very lightweight  and soft.

Will defo order again.
https://cf.shopee.vn/file/ph-11134103-7r98o-lmq4d8g7ucc1e6
https://cf.shopee.vn/file/ph-11134103-7r98x-lmq4d8g89spb7c
https://cf.shopee.vn/file/ph-11134103-7r990-lmq4d8g7ucgf11","White/Blue-1,9/42.5",no,ph,yes,"https://cf.shopee.vn/file/ph-11134103-7r98o-lmq4d8g7ucc1e6, https://cf.shopee.vn/file/ph-11134103-7r98x-lmq4d8g89spb7c, https://cf.shopee.vn/file/ph-11134103-7r990-lmq4d8g7ucgf11",https://down-tx-sg.vod.susercontent.com/api/v4/11110103/mms/ph-11110103-6ke14-lmq4k3mi3dlbfa.default.mp4,view review
51,,cool_mark20,12/10/23,4,5,4,5,"Appearance:good
Suitability:suits well
Quality:I'm not sure pa

Di ko matukoy if legit ba talaga or hindi kasi parang sobrang light ng material niya. Ang dati ko kasing mga nabili na signature shoes meron talagang official receipt from a legit store kaso wala talaga.
https://cf.shopee.vn/file/ph-11134103-7r98z-lmriz5oobwfl09
https://cf.shopee.vn/file/ph-11134103-7r991-lmriz5onwg6p0a
https://cf.shopee.vn/file/ph-11134103-7r98o-lmriz5je45wx30
https://cf.shopee.vn/file/ph-11134103-7r98s-lmriz5je461be9
https://cf.shopee.vn/file/ph-11134103-7r98z-lmriz5onwgb3c2","Blue/Waterfall-2,9.5/43",no,ph,yes,"https://cf.shopee.vn/file/ph-11134103-7r98z-lmriz5oobwfl09, https://cf.shopee.vn/file/ph-11134103-7r991-lmriz5onwg6p0a, https://cf.shopee.vn/file/ph-11134103-7r98o-lmriz5je45wx30, https://cf.shopee.vn/file/ph-11134103-7r98s-lmriz5je461be9, https://cf.shopee.vn/file/ph-11134103-7r98z-lmriz5onwgb3c2",https://down-tx-sg.vod.susercontent.com/api/v4/11110103/mms/ph-11110103-6ke14-lmrj37f8mpyp12.default.mp4,view review
52,,ncb29,15/10/23,5,5,5,5,"Appearance:💯
Quality:💯
Suitability:💯

Ang ganda nya lalo sa personal. Worth it the price from 3.9k, nag 10.10 sale to 3.5k plus less voucher na umabot ng 1.5k. 2055 nalang kasama delivery fee. 😇❤️🎁💯
https://cf.shopee.vn/file/ph-11134103-7r98z-lmviofpd5g277e
https://cf.shopee.vn/file/ph-11134103-7r98t-lmviofpd41hra9
https://cf.shopee.vn/file/ph-11134103-7r98w-lmviofpd5fxtc3
https://cf.shopee.vn/file/ph-11134103-7r98w-lmviofpd6umnc8
https://cf.shopee.vn/file/ph-11134103-7r98p-lmviofpd41dd69","White/Blue-1,7/40",no,ph,yes,"https://cf.shopee.vn/file/ph-11134103-7r98z-lmviofpd5g277e, https://cf.shopee.vn/file/ph-11134103-7r98t-lmviofpd41hra9, https://cf.shopee.vn/file/ph-11134103-7r98w-lmviofpd5fxtc3, https://cf.shopee.vn/file/ph-11134103-7r98w-lmviofpd6umnc8, https://cf.shopee.vn/file/ph-11134103-7r98p-lmviofpd41dd69",,view review
53,,rolandbanayag,17/10/23,5,5,5,5,"Quality:10/10
Suitability:10/10
Appearance:10/0

This is steal. I've been waiting for this in 6 months already to have restock on tha waterfall color
https://cf.shopee.vn/file/ph-11134103-7r98y-lmycz4qyw99t15
https://cf.shopee.vn/file/ph-11134103-7r98t-lmycz4r8nf8x4e
https://cf.shopee.vn/file/ph-11134103-7r98q-lmycz4qyntzj10
https://cf.shopee.vn/file/ph-11134103-7r98y-lmycz4qyntv53a
https://cf.shopee.vn/file/ph-11134103-7r98v-lmycz4r8nfdb00","Blue/Waterfall-2,8.5/42",no,ph,yes,"https://cf.shopee.vn/file/ph-11134103-7r98y-lmycz4qyw99t15, https://cf.shopee.vn/file/ph-11134103-7r98t-lmycz4r8nf8x4e, https://cf.shopee.vn/file/ph-11134103-7r98q-lmycz4qyntzj10, https://cf.shopee.vn/file/ph-11134103-7r98y-lmycz4qyntv53a, https://cf.shopee.vn/file/ph-11134103-7r98v-lmycz4r8nfdb00",,view review
54,,leenardboy07,17/10/23,5,5,5,5,"Quality:10/10 good it's very nice
Appearance:10/10
Suitability:10/10

Ang Ganda talaga hindi ako nagsisi na bumili kahit nagdadalawang isip ako
https://cf.shopee.vn/file/ph-11134103-7r990-lmyjxqryg2y9ca
https://cf.shopee.vn/file/ph-11134103-7r98q-lmyjxqs80835f3
https://cf.shopee.vn/file/ph-11134103-7r98y-lmyjxqry0mtrce
https://cf.shopee.vn/file/ph-11134103-7r98z-lmyjxqry0mpda1","Blue/Waterfall-2,9/42.5",no,ph,yes,"https://cf.shopee.vn/file/ph-11134103-7r990-lmyjxqryg2y9ca, https://cf.shopee.vn/file/ph-11134103-7r98q-lmyjxqs80835f3, https://cf.shopee.vn/file/ph-11134103-7r98y-lmyjxqry0mtrce, https://cf.shopee.vn/file/ph-11134103-7r98z-lmyjxqry0mpda1",,view review
55,,titatabaloc,18/10/23,5,5,5,5,"Appearance:nice
Suitability:nice
Quality:nice

What u see is what u get . 👍👍👍
https://cf.shopee.vn/file/ph-11134103-7r98q-lmzbn6ygqqk1cf
https://cf.shopee.vn/file/ph-11134103-7r98z-lmzbn6ygqqof95
https://cf.shopee.vn/file/ph-11134103-7r98p-lmzbn6ygs58vb8
https://cf.shopee.vn/file/ph-11134103-7r991-lmzbn6ygs54hcc","White/Blue-1,12/46",no,ph,yes,"https://cf.shopee.vn/file/ph-11134103-7r98q-lmzbn6ygqqk1cf, https://cf.shopee.vn/file/ph-11134103-7r98z-lmzbn6ygqqof95, https://cf.shopee.vn/file/ph-11134103-7r98p-lmzbn6ygs58vb8, https://cf.shopee.vn/file/ph-11134103-7r991-lmzbn6ygs54hcc",,view review
56,,m*****a,18/10/23,5,5,5,5,"Appearance:looks exactly like the photo
Quality:good
Suitability:its ok

The product is nice, good quality. Though it’s not true to size. It’s a little big.
https://cf.shopee.vn/file/ph-11134103-7r98t-lmzjl9cy9zy720
https://cf.shopee.vn/file/ph-11134103-7r990-lmzjl9d8p1on2f
https://cf.shopee.vn/file/ph-11134103-7r990-lmzjl9d89lfr87","White/Blue-1,10.5/44.5",no,ph,yes,"https://cf.shopee.vn/file/ph-11134103-7r98t-lmzjl9cy9zy720, https://cf.shopee.vn/file/ph-11134103-7r990-lmzjl9d8p1on2f, https://cf.shopee.vn/file/ph-11134103-7r990-lmzjl9d89lfr87",https://down-tx-sg.vod.susercontent.com/api/v4/11110103/mms/ph-11110103-6ke18-lmzjlkudh073a3.default.mp4,view review
57,,j*****k,18/10/23,5,5,5,5,"Suitability:Good
Quality:Original
Appearance:Nice

Maganda kaso diko nalagyan allowance pero sakto lang sakin kasi dapat add one size pala buti nalang 44.5 yung nabili ko kaya kumsiya lang din sa paa ko na size 10. Next time order na ako ng may add 1 sa size
https://cf.shopee.vn/file/ph-11134103-7r98w-lmzzh0kh8s075e
https://cf.shopee.vn/file/ph-11134103-7r98t-lmzzgzy05nwf56","Blue/Waterfall-2,10.5/44.5",no,ph,yes,"https://cf.shopee.vn/file/ph-11134103-7r98w-lmzzh0kh8s075e, https://cf.shopee.vn/file/ph-11134103-7r98t-lmzzgzy05nwf56",https://down-tx-sg.vod.susercontent.com/api/v4/11110103/mms/ph-11110103-6ke18-lmzzwstno667fd.default.mp4,view review
58,,arttaroy30,18/10/23,5,5,5,5,"Quality:10/10 superb!
Suitability:10/10 true to size
Appearance:10/10 what you see is what you get.

Dahil white ang nabili ko pinag iisipan ko kung ipanlalaro ko pa ba to or ipang aalis/porma nalang. Salamat seller!
https://cf.shopee.vn/file/ph-11134103-7r98z-ln04kqs655bz0b
https://cf.shopee.vn/file/ph-11134103-7r98s-ln04kqs66jwff0
https://cf.shopee.vn/file/ph-11134103-7r991-ln04kqs67ygve5
https://cf.shopee.vn/file/ph-11134103-7r991-ln04kqs69d1ba5","White/Green/Yellow-5,8/41",no,ph,yes,"https://cf.shopee.vn/file/ph-11134103-7r98z-ln04kqs655bz0b, https://cf.shopee.vn/file/ph-11134103-7r98s-ln04kqs66jwff0, https://cf.shopee.vn/file/ph-11134103-7r991-ln04kqs67ygve5, https://cf.shopee.vn/file/ph-11134103-7r991-ln04kqs69d1ba5",https://down-tx-sg.vod.susercontent.com/api/v4/11110103/mms/ph-11110103-6ke18-ln04m9unk0u78f.default.mp4,view review
59,,khim_429,18/10/23,5,2,5,5,"Suitability:great color
Quality:great
Appearance:great

The shipment is not really that secured. That's all
https://cf.shopee.vn/file/ph-11134103-7r98s-ln0m6pjnsipzef
https://cf.shopee.vn/file/ph-11134103-7r990-ln0m6piu96tj07
https://cf.shopee.vn/file/ph-11134103-7r98v-ln0m6pittqknb2
https://cf.shopee.vn/file/ph-11134103-7r98z-ln0m6pittqgv86","Blue/Waterfall-2,11/45",no,ph,yes,"https://cf.shopee.vn/file/ph-11134103-7r98s-ln0m6pjnsipzef, https://cf.shopee.vn/file/ph-11134103-7r990-ln0m6piu96tj07, https://cf.shopee.vn/file/ph-11134103-7r98v-ln0m6pittqknb2, https://cf.shopee.vn/file/ph-11134103-7r98z-ln0m6pittqgv86",,view review
60,,r*****s,20/10/23,5,5,5,5,"Quality:10/10
Appearance:10/10
Suitability:10/10

Katulad parin po ng dati ang ganda. Thank you anta!;) bilis pa po dumating kahit na galing ibang bansa pa sya.😁 Salamat shopee and Anta. 
5🌟🌟🌟🌟🌟s ulit...
https://cf.shopee.vn/file/ph-11134103-7r98y-ln29tcqt1k1zd8
https://cf.shopee.vn/file/ph-11134103-7r98w-ln29tcwwsmh3e3
https://cf.shopee.vn/file/ph-11134103-7r98q-ln29tcqt1jy7fd
https://cf.shopee.vn/file/ph-11134103-7r98u-ln29tcqtbdxb4c
https://cf.shopee.vn/file/ph-11134103-7r98y-ln29tcqt2ymf6b","Blue/Waterfall-2,8.5/42",no,ph,yes,"https://cf.shopee.vn/file/ph-11134103-7r98y-ln29tcqt1k1zd8, https://cf.shopee.vn/file/ph-11134103-7r98w-ln29tcwwsmh3e3, https://cf.shopee.vn/file/ph-11134103-7r98q-ln29tcqt1jy7fd, https://cf.shopee.vn/file/ph-11134103-7r98u-ln29tcqtbdxb4c, https://cf.shopee.vn/file/ph-11134103-7r98y-ln29tcqt2ymf6b",https://down-tx-sg.vod.susercontent.com/api/v4/11110103/mms/ph-11110103-6ke16-ln29yoacqr7jdf.default.mp4,view review
61,,leeon_04142005,20/10/23,5,5,5,5,"Quality:Shoes Good
Appearance:Shoe Box Damage

Please put bubble wrap on the parcel so it will be properly secure or have minimal damage. Still shoes where great & amazing
https://cf.shopee.vn/file/ph-11134103-7r98w-ln2dclhdor7ref
https://cf.shopee.vn/file/ph-11134103-7r98v-ln2dclhdor3za8","Blue/Waterfall-2,9.5/43",no,ph,yes,"https://cf.shopee.vn/file/ph-11134103-7r98w-ln2dclhdor7ref, https://cf.shopee.vn/file/ph-11134103-7r98v-ln2dclhdor3za8",https://down-cvs-sg.vod.susercontent.com/api/v4/11110103/mms/ph-11110103-6ke15-ln2de83hy9c79c.default.mp4,view review
62,,luweslariza,21/10/23,5,5,5,5,"The quality is nice and my boyfriend liked it very muchh. He's very happy to be able to buy and the color is nice. I'm happy that he's happy.
https://cf.shopee.vn/file/ph-11134103-7r98q-ln3omgcz14jj9f
https://cf.shopee.vn/file/ph-11134103-7r98w-ln3omgbl35qf61
https://cf.shopee.vn/file/ph-11134103-7r991-ln3omg4xcwjr74
https://cf.shopee.vn/file/ph-11134103-7r98s-ln3omgbl35mn80","White/Blue-1,9/42.5",no,ph,yes,"https://cf.shopee.vn/file/ph-11134103-7r98q-ln3omgcz14jj9f, https://cf.shopee.vn/file/ph-11134103-7r98w-ln3omgbl35qf61, https://cf.shopee.vn/file/ph-11134103-7r991-ln3omg4xcwjr74, https://cf.shopee.vn/file/ph-11134103-7r98s-ln3omgbl35mn80",https://down-tx-sg.vod.susercontent.com/api/v4/11110103/mms/ph-11110103-6ke14-ln3omv19k1c7d9.default.mp4,view review
63,,g*****o,23/10/23,5,5,5,5,"Suitability:super ok
Quality:ok
Appearance:very ok

Thank you for faster ship and very super nice Shoes from ANTA🥰🥰
super love it.
Until next time👍👍
Godbless
https://cf.shopee.vn/file/ph-11134103-7r98r-ln6w4c5sybsv1e
https://cf.shopee.vn/file/ph-11134103-7r98o-ln6w4c5szqdb9a","White/Green/Yellow-5,8.5/42",no,ph,yes,"https://cf.shopee.vn/file/ph-11134103-7r98r-ln6w4c5sybsv1e, https://cf.shopee.vn/file/ph-11134103-7r98o-ln6w4c5szqdb9a",https://down-cvs-sg.vod.susercontent.com/api/v4/11110103/mms/ph-11110103-6ke15-ln6w5dvzpdmn9d.default.mp4,view review
64,,kayceejeffreymartinez,24/10/23,5,5,5,5,"Legit! Ang ganda ng shoes 😍 nagustuhan ng hubby ko 😊 salamat seller at sa courier maayos na napadala ang parcel ko. Salamat shopee laking discount dahil sa pavoucher na 30% off 😁
https://cf.shopee.vn/file/ph-11134103-7r98w-ln80wtdji4zrc0
https://cf.shopee.vn/file/ph-11134103-7r98s-ln80wte339z351
https://cf.shopee.vn/file/ph-11134103-7r991-ln80wte31vifa0
https://cf.shopee.vn/file/ph-11134103-7r992-ln80wtdji4vz5d","White/Green/Yellow-5,9.5/43",no,ph,yes,"https://cf.shopee.vn/file/ph-11134103-7r98w-ln80wtdji4zrc0, https://cf.shopee.vn/file/ph-11134103-7r98s-ln80wte339z351, https://cf.shopee.vn/file/ph-11134103-7r991-ln80wte31vifa0, https://cf.shopee.vn/file/ph-11134103-7r992-ln80wtdji4vz5d",,view review
65,,amaiah023,24/10/23,5,5,5,5,"Appearance:worth the price
Quality:5 stars!

This shoes are worth the money 🥰 this shoes fit my son right and super beautiful 🥰 worth 3,999 but i just paid 2,695 because of the voucher 😍 thank you seller! Thank you shopee!","White/Green/Yellow-5,9/42.5",no,ph,no,,,view review
66,,patrickavenido280,26/10/23,5,5,5,5,"Suitability:10/10 very nice , light n true size as advertised.
Quality:10/10 hopefully durable as expected.
Appearance:10/10 will package, received in good condition thank you seller and courier delivery rider.","Blue/Waterfall-2,9/42.5",no,ph,no,,,view review
67,,h*****p,26/10/23,5,5,5,5,"Suitability:ok 👌
Quality:good
Appearance:maganda sya sa personal

My husband likes it and it's so good to wear... may ma gagamit na for basketball... Order na din kayo dito ayos na ayos ang mga products 👌😊
https://cf.shopee.vn/file/ph-11134103-7r98o-lnc38a2mimqi11
https://cf.shopee.vn/file/ph-11134103-7r98z-lnc38a2mk1ay3d","Blue/Waterfall-2,12/46",no,ph,yes,"https://cf.shopee.vn/file/ph-11134103-7r98o-lnc38a2mimqi11, https://cf.shopee.vn/file/ph-11134103-7r98z-lnc38a2mk1ay3d",,view review
68,,a*****8,04/11/23,5,5,5,5,"Quality:good af
Appearance:ganda sobra
Suitability:good

dito nalang ulit ako bili. sa susunod
https://cf.shopee.vn/file/ph-11134103-7r98v-lnnrrz3sg7s9de
https://cf.shopee.vn/file/ph-11134103-7r991-lnnrrz1uj23t8e
https://cf.shopee.vn/file/ph-11134103-7r98s-lnnrrz3sg7fe6f
https://cf.shopee.vn/file/ph-11134103-7r98w-lnnrrz1ukgbe5a
https://cf.shopee.vn/file/ph-11134103-7r991-lnnrrz3svo1513","White/Blue-1,9/42.5",no,ph,yes,"https://cf.shopee.vn/file/ph-11134103-7r98v-lnnrrz3sg7s9de, https://cf.shopee.vn/file/ph-11134103-7r991-lnnrrz1uj23t8e, https://cf.shopee.vn/file/ph-11134103-7r98s-lnnrrz3sg7fe6f, https://cf.shopee.vn/file/ph-11134103-7r98w-lnnrrz1ukgbe5a, https://cf.shopee.vn/file/ph-11134103-7r991-lnnrrz3svo1513",https://down-tx-sg.vod.susercontent.com/api/v4/11110103/mms/ph-11110103-6ke16-lnnrshor99ihdf.default.mp4,view review
69,,j*****e,04/11/23,5,5,5,5,"Suitability:excellent
Appearance:perfect
Quality:100%

This is perfect. Anta never fails my expectations so much amazing and i love it very much. I will purchase another 1 for me and for my son. Hope my bf will love it. Promise buy now price is affordable
https://cf.shopee.vn/file/ph-11134103-7r991-lno7fdm1ggpme6
https://cf.shopee.vn/file/ph-11134103-7r990-lno7foo7cmehb1
https://cf.shopee.vn/file/ph-11134103-7r98t-lno7foo79swq33","Blue/Waterfall-2,10/44",no,ph,yes,"https://cf.shopee.vn/file/ph-11134103-7r991-lno7fdm1ggpme6, https://cf.shopee.vn/file/ph-11134103-7r990-lno7foo7cmehb1, https://cf.shopee.vn/file/ph-11134103-7r98t-lno7foo79swq33",https://down-tx-sg.vod.susercontent.com/api/v4/11110103/mms/ph-11110103-6ke17-lno7frrqql49fe.default.mp4,view review
70,,danielfarenas,09/11/23,5,5,5,5,"Suitability:true to size,legit shoes from anta
Quality:very light and quality material
Appearance:pwede pang laro pwede pang porma

I'm very satisfied. Though di ko pa nagagamit pang laro,pero mukhang matibay din siya knowing na Klay Thompson signature shoes siya. Salamat anta!aprub sa akin to👍
https://cf.shopee.vn/file/ph-11134103-7r98s-lnvfm74e2e1me8
https://cf.shopee.vn/file/ph-11134103-7r992-lnvfm74e3sm219","Blue/Waterfall-2,9.5/43",no,ph,yes,"https://cf.shopee.vn/file/ph-11134103-7r98s-lnvfm74e2e1me8, https://cf.shopee.vn/file/ph-11134103-7r992-lnvfm74e3sm219",,view review
71,,nvguzman1104,10/11/23,5,5,5,5,"I received the product in good condition, well packed and no damage. I tried playing and it's working very well. I'm very satisfied.
https://cf.shopee.vn/file/ph-11134103-7r992-lnxg23shhtp6b8
https://cf.shopee.vn/file/ph-11134103-7r992-lnxg23shj89mbb","Blue/Waterfall-2,9.5/43",no,ph,yes,"https://cf.shopee.vn/file/ph-11134103-7r992-lnxg23shhtp6b8, https://cf.shopee.vn/file/ph-11134103-7r992-lnxg23shj89mbb",,view review
72,,u*****0,16/11/23,5,5,5,5,"Quality:good
Appearance:fair
Suitability:nice

Tama Yong kulay maganda at ang importante gusto Ng pinag bigyan ko salamat din ky kua rider at kahit gabing Gabi na na deliver parin nya SA tamang date salamat po
https://cf.shopee.vn/file/ph-11134103-7r98s-lo515expnwii6e
https://cf.shopee.vn/file/ph-11134103-7r98r-lo515ewlpj4bb0
https://cf.shopee.vn/file/ph-11134103-7r98r-lo515ex5opvvbf
https://cf.shopee.vn/file/ph-11134103-7r98x-lo515exfob9na4
https://cf.shopee.vn/file/ph-11134103-7r98x-lo515ezxknkqf0","Blue/Waterfall-2,8/41",no,ph,yes,"https://cf.shopee.vn/file/ph-11134103-7r98s-lo515expnwii6e, https://cf.shopee.vn/file/ph-11134103-7r98r-lo515ewlpj4bb0, https://cf.shopee.vn/file/ph-11134103-7r98r-lo515ex5opvvbf, https://cf.shopee.vn/file/ph-11134103-7r98x-lo515exfob9na4, https://cf.shopee.vn/file/ph-11134103-7r98x-lo515ezxknkqf0",https://down-tx-sg.vod.susercontent.com/api/v4/11110103/mms/ph-11110103-6ke15-lo5186ai9p3ud3.default.mp4,view review
73,,rendelbonifacio,16/11/23,5,5,5,5,"Suitability:QUALITY & SPIKEY
Appearance:Ganda sa personal ng colorway
Quality:Worth it ang paghihintay👍GOODS👍
https://cf.shopee.vn/file/ph-11134103-7r98v-lo548kb057nvb2
https://cf.shopee.vn/file/ph-11134103-7r98y-lo548kb057iy67
https://cf.shopee.vn/file/ph-11134103-7r98p-lo548kb0knru53","Blue/Waterfall-2,9.5/43",no,ph,yes,"https://cf.shopee.vn/file/ph-11134103-7r98v-lo548kb057nvb2, https://cf.shopee.vn/file/ph-11134103-7r98y-lo548kb057iy67, https://cf.shopee.vn/file/ph-11134103-7r98p-lo548kb0knru53",,view review
74,,emanyshinlimsiaco,17/11/23,5,5,5,5,"Quality:100%
Suitability:100%
Appearance:100% good quality

Original tlaga sobrang spike nya tapos ang gaan ang sarap sa paa kahit midcut lang sya salamat ANTA STORE. POWER!!!!!! 🥰🥰🥰 at ang ganda ng bos di nayupi
https://cf.shopee.vn/file/ph-11134103-7r98u-lo6nqfkhl5qy22
https://cf.shopee.vn/file/ph-11134103-7r98t-lo6nqfjn6xhn0a","White/Green/Yellow-5,10/44",no,ph,yes,"https://cf.shopee.vn/file/ph-11134103-7r98u-lo6nqfkhl5qy22, https://cf.shopee.vn/file/ph-11134103-7r98t-lo6nqfjn6xhn0a",,view review
75,,r*****3,17/11/23,5,5,5,5,"Quality:authentic
Suitability:cheap price
Appearance:excellent

Legit Anta. Ganda ng quality. Sobrang kapit. First time ko gumamit ng Anta, parang mas gusto ko n ito kesa sa Nike at Adidas ko. Sa 12.12 KT 8 naman
https://cf.shopee.vn/file/ph-11134103-7r98u-lo6vgaer7mmy90","Blue/Waterfall-2,10.5/44.5",no,ph,yes,https://cf.shopee.vn/file/ph-11134103-7r98u-lo6vgaer7mmy90,,view review
76,,t*****g,19/11/23,5,4,5,5,"Quality:Great
Suitability:Basketball Shoes
Appearance:Mesh

I ordered this for my boyfriend and he loves it. True to size and comfortable to wear according to him. Though the box is a bit damaged but the item is in good condition.
https://cf.shopee.vn/file/ph-11134103-7r98u-lo9e68a23aizca
https://cf.shopee.vn/file/ph-11134103-7r98u-lo9e68a23ae26c","White/Green/Yellow-5,9/42.5",no,ph,yes,"https://cf.shopee.vn/file/ph-11134103-7r98u-lo9e68a23aizca, https://cf.shopee.vn/file/ph-11134103-7r98u-lo9e68a23ae26c",https://down-cvs-sg.vod.susercontent.com/api/v4/11110103/mms/ph-11110103-6ke17-lo9e6ci3ws9782.default.mp4,view review
77,,alexamariedeleon,20/11/23,5,5,5,5,"Appearance:Good
Quality:Good
Suitability:Good

Magugustohan ng makakatanggap for sure . Thank you, Seller.
https://cf.shopee.vn/file/ph-11134103-7r98o-loaphvbtj0be58
https://cf.shopee.vn/file/ph-11134103-7r991-loaphvbtkevu49
https://cf.shopee.vn/file/ph-11134103-7r98w-loaphvbtltgacc
https://cf.shopee.vn/file/ph-11134103-7r98z-loaphvbtn80qcc
https://cf.shopee.vn/file/ph-11134103-7r992-loaphvbtoml693","Blue/Waterfall-2,8/41",no,ph,yes,"https://cf.shopee.vn/file/ph-11134103-7r98o-loaphvbtj0be58, https://cf.shopee.vn/file/ph-11134103-7r991-loaphvbtkevu49, https://cf.shopee.vn/file/ph-11134103-7r98w-loaphvbtltgacc, https://cf.shopee.vn/file/ph-11134103-7r98z-loaphvbtn80qcc, https://cf.shopee.vn/file/ph-11134103-7r992-loaphvbtoml693",https://down-cvs-sg.vod.susercontent.com/api/v4/11110103/mms/ph-11110103-6ke15-loaphju4cetn31.default.mp4,view review
78,,clroffcr,21/11/23,5,5,5,5,"Appearance:nice
Quality:Original
Suitability:very suit for my feet

Ang ganda ng shoes sobrang ingay na nga sa court quality pa yung item. Solid na solid salamat shoppee talaga kasi nakuha ko lang ng 2047 pesos.
https://cf.shopee.vn/file/ph-11134103-7r98q-lociwecz3ex16d
https://cf.shopee.vn/file/ph-11134103-7r991-lociwjz8vex109
https://cf.shopee.vn/file/ph-11134103-7r98r-lociwew4bebpc7","Blue/Waterfall-2,10/44",no,ph,yes,"https://cf.shopee.vn/file/ph-11134103-7r98q-lociwecz3ex16d, https://cf.shopee.vn/file/ph-11134103-7r991-lociwjz8vex109, https://cf.shopee.vn/file/ph-11134103-7r98r-lociwew4bebpc7",,view review
79,,nicksonmedio11,22/11/23,5,5,5,5,"Suitability:true to size
Quality:solid ,branded good quality
Appearance:looking good

Pwede pang porma pang laro na sapatos napaka angas salamat seller, shoppee
Kaya bili na kayo guys maganda yung quality nya.
https://cf.shopee.vn/file/ph-11134103-7r992-lodh3y334nyd9d
https://cf.shopee.vn/file/ph-11134103-7r98x-lodh3y334o2u7b
https://cf.shopee.vn/file/ph-11134103-7r98y-lodh3y3362na67
https://cf.shopee.vn/file/ph-11134103-7r98s-lodh3y337h7qc2
https://cf.shopee.vn/file/ph-11134103-7r98z-lodh3y338vs6c7","Blue/Waterfall-2,8.5/42",no,ph,yes,"https://cf.shopee.vn/file/ph-11134103-7r992-lodh3y334nyd9d, https://cf.shopee.vn/file/ph-11134103-7r98x-lodh3y334o2u7b, https://cf.shopee.vn/file/ph-11134103-7r98y-lodh3y3362na67, https://cf.shopee.vn/file/ph-11134103-7r98s-lodh3y337h7qc2, https://cf.shopee.vn/file/ph-11134103-7r98z-lodh3y338vs6c7",https://down-tx-sg.vod.susercontent.com/api/v4/11110103/mms/ph-11110103-6ke15-lodh579v02xy20.default.mp4,view review
80,,angelramos26,22/11/23,5,5,5,5,"Ang gandaaaaaaaa sobraaaaa 🥰😍 nagustuhan ni hubby! Thank you seller sa magandang quality and secure yung item na dumating
https://cf.shopee.vn/file/ph-11134103-7r98s-lodom7509n8mfd
https://cf.shopee.vn/file/ph-11134103-7r98w-lodom74zu6v9e9
https://cf.shopee.vn/file/ph-11134103-7r98q-lodom750p3hiba
https://cf.shopee.vn/file/ph-11134103-7r98z-lodom74zu6zqfb
https://cf.shopee.vn/file/ph-11134103-7r98q-lodom7509n4503","White/Blue-1,8.5/42",no,ph,yes,"https://cf.shopee.vn/file/ph-11134103-7r98s-lodom7509n8mfd, https://cf.shopee.vn/file/ph-11134103-7r98w-lodom74zu6v9e9, https://cf.shopee.vn/file/ph-11134103-7r98q-lodom750p3hiba, https://cf.shopee.vn/file/ph-11134103-7r98z-lodom74zu6zqfb, https://cf.shopee.vn/file/ph-11134103-7r98q-lodom7509n4503",,view review
81,,jessdy,23/11/23,5,4,5,4,"Appearance:what you see in the photo is exactly what youll gonna get
Quality:looks sturdy. only time can tell
Suitability:true to size

For people who are looking for quality sneakers minus the exhorbitant price.","Blue/Waterfall-2,11/45",no,ph,no,,,view review
82,,g*****0,23/11/23,5,5,5,5,"Appearance:Great
Quality:Great
Suitability:Great

maganda siya, pati na rin ipang-porma. kung panlaro naman, mukhang ayos rin. makapit ang traction at na squeak din naman. fit sa paa at malambot kaya medyo komportable.
https://cf.shopee.vn/file/ph-11134103-7r992-lofdfrljsbphd1
https://cf.shopee.vn/file/ph-11134103-7r991-lofdfrljtq9x57
https://cf.shopee.vn/file/ph-11134103-7r992-lofdfrljv4ud68
https://cf.shopee.vn/file/ph-11134103-7r98z-lofdfrljwjet36
https://cf.shopee.vn/file/ph-11134103-7r98z-lofdfrljxxz906","Blue/Waterfall-2,10.5/44.5",no,ph,yes,"https://cf.shopee.vn/file/ph-11134103-7r992-lofdfrljsbphd1, https://cf.shopee.vn/file/ph-11134103-7r991-lofdfrljtq9x57, https://cf.shopee.vn/file/ph-11134103-7r992-lofdfrljv4ud68, https://cf.shopee.vn/file/ph-11134103-7r98z-lofdfrljwjet36, https://cf.shopee.vn/file/ph-11134103-7r98z-lofdfrljxxz906",https://down-tx-sg.vod.susercontent.com/api/v4/11110103/mms/ph-11110103-6ke15-lofdhj0sz22tf9.default.mp4,view review
83,,l*****7,23/11/23,5,2,5,5,"Suitability:Excellent basketball shoes!
Appearance:Clean and simple look.
Quality:Basic material used but will definitely last.

- makapit
- bigger than usual size (vs. Nike and Adidas basketball shoe fits)
- can absorb the right amount of impact for guard positions but can also be too soft for some guard playstyles
- overall very good for its price (papawis gaming only)
https://cf.shopee.vn/file/ph-11134103-7r98s-lofjd8o5m3ph27
https://cf.shopee.vn/file/ph-11134103-7r98o-lofjd8o64d7q86
https://cf.shopee.vn/file/ph-11134103-7r98w-lofjd8o5m3ty4c
https://cf.shopee.vn/file/ph-11134103-7r98o-lofjd8nw1yklfd","White/Blue-1,11/45",no,ph,yes,"https://cf.shopee.vn/file/ph-11134103-7r98s-lofjd8o5m3ph27, https://cf.shopee.vn/file/ph-11134103-7r98o-lofjd8o64d7q86, https://cf.shopee.vn/file/ph-11134103-7r98w-lofjd8o5m3ty4c, https://cf.shopee.vn/file/ph-11134103-7r98o-lofjd8nw1yklfd",https://down-tx-sg.vod.susercontent.com/api/v4/11110103/mms/ph-11110103-6ke18-lofjduhnq0va71.default.mp4,view review
84,,johnpiamonteocular,24/11/23,5,5,5,5,"Suitability:very nice quality..legit
Quality:durable
Appearance:awesome,

I recommend this seller, very fast delivery,, legit items.
https://cf.shopee.vn/file/ph-11134103-7r98u-logg9fgx155100
https://cf.shopee.vn/file/ph-11134103-7r992-logg9f8aya5i59
https://cf.shopee.vn/file/ph-11134103-7r98z-logg9f138u7a90
https://cf.shopee.vn/file/ph-11134103-7r98r-logg9f9fc3xia9","Blue/Waterfall-2,8.5/42",no,ph,yes,"https://cf.shopee.vn/file/ph-11134103-7r98u-logg9fgx155100, https://cf.shopee.vn/file/ph-11134103-7r992-logg9f8aya5i59, https://cf.shopee.vn/file/ph-11134103-7r98z-logg9f138u7a90, https://cf.shopee.vn/file/ph-11134103-7r98r-logg9f9fc3xia9",,view review
85,,marghiorie29,24/11/23,5,5,5,5,"Quality:𝚖𝚊𝚐𝚊𝚊𝚗
Appearance:𝚗𝚒𝚌𝚎

𝙻𝚎𝚐𝚒𝚝 𝚒𝚝𝚘 𝚊𝚝 𝚜𝚙𝚒𝚔𝚎 𝚌𝚑𝚎𝚌𝚔 ✔ 
Jeremiah 29:11: “For I know the plans I have for you,” declares the LORD, “plans to prosper you and not to harm you, plans to give you hope and a future.”
https://cf.shopee.vn/file/ph-11134103-7r990-logvmzeehmbpb9
https://cf.shopee.vn/file/ph-11134103-7r98u-logvmx6rq5lyfa","Blue/Waterfall-2,10.5/44.5",no,ph,yes,"https://cf.shopee.vn/file/ph-11134103-7r990-logvmzeehmbpb9, https://cf.shopee.vn/file/ph-11134103-7r98u-logvmx6rq5lyfa",https://down-tx-sg.vod.susercontent.com/api/v4/11110103/mms/ph-11110103-6ke18-logvl4qw10py7f.default.mp4,view review
86,,akosimerlyn42,26/11/23,5,5,5,5,"Suitability:for basketball
Quality:original
Appearance:very nice

Very comfortable to wear especially when playing basketball accdg to my husband, this shoes is now his favorite to wear when playing basketball..","Blue/Waterfall-2,11/45",no,ph,no,,,view review
87,,d*****m,29/11/23,5,5,5,5,"My first Anta shoes. Just tried this because of the vouchers, and I’m totally satisfied of what I got. The design and color is great, at par with other leading brands. Shipped from China but still delivered fast. Built quality of the shoes is really great.
https://cf.shopee.vn/file/ph-11134103-7r991-loo5y7txf35050
https://cf.shopee.vn/file/ph-11134103-7r98z-loo5tt57ocys5a
https://cf.shopee.vn/file/ph-11134103-7r98y-loo5y7txox44e8
https://cf.shopee.vn/file/ph-11134103-7r98u-loo5y7txf3744a
https://cf.shopee.vn/file/ph-11134103-7r98y-loo5tt57od0w19","Blue/Waterfall-2,12/46",no,ph,yes,"https://cf.shopee.vn/file/ph-11134103-7r991-loo5y7txf35050, https://cf.shopee.vn/file/ph-11134103-7r98z-loo5tt57ocys5a, https://cf.shopee.vn/file/ph-11134103-7r98y-loo5y7txox44e8, https://cf.shopee.vn/file/ph-11134103-7r98u-loo5y7txf3744a, https://cf.shopee.vn/file/ph-11134103-7r98y-loo5tt57od0w19",,view review
88,,d*****z,30/11/23,5,5,5,5,"Quality:10/10
Suitability:10/10
Appearance:10/10

It took 6 days to be delivered since itself overseas.
Well packed. Item received with no issue with the box and items. Correct item, color and size delivered. Kudos to seller and courier for maintaining the box on its condition.
Color is nice. Quality is also good just like other more expensive branded shoes that you can buy at malls. Durability? Will see once it is used by my son since he will use it for basketball. Soft inside. Overall, it is good for the price. I hope it lasts.
https://cf.shopee.vn/file/ph-11134103-7r98q-lop2p2i1lqjoc9
https://cf.shopee.vn/file/ph-11134103-7r98x-lop2p2i216sk0f
https://cf.shopee.vn/file/ph-11134103-7r98x-lop2p2i1lqls08
https://cf.shopee.vn/file/ph-11134103-7r992-lop2p2i2gn1g30
https://cf.shopee.vn/file/ph-11134103-7r98x-lop2p2iblbzkae","Blue/Waterfall-2,12/46",no,ph,yes,"https://cf.shopee.vn/file/ph-11134103-7r98q-lop2p2i1lqjoc9, https://cf.shopee.vn/file/ph-11134103-7r98x-lop2p2i216sk0f, https://cf.shopee.vn/file/ph-11134103-7r98x-lop2p2i1lqls08, https://cf.shopee.vn/file/ph-11134103-7r992-lop2p2i2gn1g30, https://cf.shopee.vn/file/ph-11134103-7r98x-lop2p2iblbzkae",https://down-tx-sg.vod.susercontent.com/api/v4/11110103/mms/ph-11110103-6ke16-lop2v1kotwo4c7.default.mp4,view review
89,,xcqt01,30/11/23,5,5,5,5,"Quality:10/10
Appearance:10/10
Suitability:10/10

Bought for P2266. Bang for buck talaga.. thanks Anta!
Sulit na sulit, kahit sa review sa youtube maganda daw talaga performance nya lalo sa comfort at traction.
https://cf.shopee.vn/file/ph-11134103-7r98u-lop0qdudeh2o9a","Blue/Waterfall-2,9.5/43",no,ph,yes,https://cf.shopee.vn/file/ph-11134103-7r98u-lop0qdudeh2o9a,,view review
90,,aljocortez01,02/12/23,5,5,5,5,"Quality:malambot at fit sa paa
Appearance:beautiful
Suitability:true to size magaan at masarap sa paa

Ayus din maganda at mukang matibay sana tumagal ehe.. first anta shoes ko ito
https://cf.shopee.vn/file/ph-11134103-7r98o-lorv3p4j4h446e","Blue/Waterfall-2,9/42.5",no,ph,yes,https://cf.shopee.vn/file/ph-11134103-7r98o-lorv3p4j4h446e,https://down-tx-sg.vod.susercontent.com/api/v4/11110103/mms/ph-11110103-6ke15-lorv759nc8tgaa.default.mp4,view review
91,,c*****7,03/12/23,5,5,5,5,"Suitability:perfect fit
Appearance:great looks
Quality:superb quality great spike

Mabilis sa inaasahan nakuha package panalo and all worth it ang pera mo dto will buy again
https://cf.shopee.vn/file/ph-11134103-7r992-lotijdjjaak08e","Blue/Waterfall-2,8/41",no,ph,yes,https://cf.shopee.vn/file/ph-11134103-7r992-lotijdjjaak08e,https://down-tx-sg.vod.susercontent.com/api/v4/11110103/mms/ph-11110103-6ke15-lotijk33o5ww83.default.mp4,view review
92,,jeovanibgolezjr,06/12/23,5,5,5,5,"Appearance:Excellence
Suitability:Excellence
Quality:Superb

Maganda ang quality at mukang matibay. Maganda ang kulay nya mukang original sya. Nagustuhan ng hubby ko. Worth the price at may discount pa nong na place namin kaya thank you seller at kay manong delivery guy
https://cf.shopee.vn/file/ph-11134103-7r991-loy30k25pqspd7","Blue/Waterfall-2,9/42.5",no,ph,yes,https://cf.shopee.vn/file/ph-11134103-7r991-loy30k25pqspd7,,view review
93,,juliesaesthetica,07/12/23,5,5,5,5,"Appearance:10
Quality:10
Suitability:10

Authentic/ original ! ang gnda ng shoes subrang happy ng hubby ko will order again dw po❤️❤️❤️ maganda ung apakan ng shoes malamboy din hindi masakit sa paa
https://cf.shopee.vn/file/ph-11134103-7r991-loyxb4z44b1l16","Blue/Waterfall-2,8.5/42",no,ph,yes,https://cf.shopee.vn/file/ph-11134103-7r991-loyxb4z44b1l16,,view review
94,,caizhenjazz,08/12/23,5,5,5,5,"Appearance:10/10
Quality:10/10
Suitability:10/10

Nice quality, looks good in actual. 💯% Anta. Thank you!🎉 I will surely order again in this shop. Keep up the best quality!😍🤑
https://cf.shopee.vn/file/ph-11134103-7r98s-lp0fgy78veq798","Blue/Waterfall-2,9.5/43",no,ph,yes,https://cf.shopee.vn/file/ph-11134103-7r98s-lp0fgy78veq798,,view review
95,,rjdc0402,10/12/23,5,5,5,5,"Eto tlga UN gus2 Kong sapatos at nkuha ko pa sa mababang haalga kumpara sa reg. Price dhil sa vouchers salamat shopee salamat seller sa maganda at quality sapatos legit tlga di ko ngsisi sa pagbili ko ng sapatos at I shoes you ow right advance merry Xmas every Juan muntikan ko mkalimutan sa rider khit hnd Nia ko ntuton ng first attempt diniliver Nia pa UN order ko within the day
https://cf.shopee.vn/file/ph-11134103-7r98o-lp3rixupaj4f47
https://cf.shopee.vn/file/ph-11134103-7r98w-lp3rixr3ft5bee","Blue/Waterfall-2,8.5/42",no,ph,yes,"https://cf.shopee.vn/file/ph-11134103-7r98o-lp3rixupaj4f47, https://cf.shopee.vn/file/ph-11134103-7r98w-lp3rixr3ft5bee",,view review
96,,murb4lyu5e,12/12/23,5,5,5,5,"Suitability:good
Appearance:excellent
Quality:to be tested further

Gift ko sa sarili ko this Christmas.This may not be as popular as Nike and Adidas but the quality is good and comparable with the shoe brands","Blue/Waterfall-2,9.5/43",no,ph,no,,,view review
97,,i*****n,12/12/23,5,4,5,5,"Quality:Goods
Suitability:Goods
Appearance:Very Goods

I love this shoes apaka agnas sobra ganda na yan insan apaka na yan insan tama ka na insan sobra ka ganda insan.
https://cf.shopee.vn/file/ph-11134103-7r98p-lp6m2c0umbc9c8
https://cf.shopee.vn/file/ph-11134103-7r98w-lp6m2c2sjgwf51","Blue/Waterfall-2,11/45",no,ph,yes,"https://cf.shopee.vn/file/ph-11134103-7r98p-lp6m2c0umbc9c8, https://cf.shopee.vn/file/ph-11134103-7r98w-lp6m2c2sjgwf51",,view review
98,,m*****m,12/12/23,5,5,5,5,"Legit 💯%  ang ganda niya nagustuhan ni hubby yung advance christmas gift ko skanya. Sulit ang bile ko original anta talaga. Ang laki din ng na discount. Thanks seller super thumbs up kame ni hubby sa shoes.
https://cf.shopee.vn/file/ph-11134103-7r98v-lp6rj116f4uned
https://cf.shopee.vn/file/ph-11134103-7r991-lp6rj116f4yxde
https://cf.shopee.vn/file/ph-11134103-7r98y-lp6rj116ul3ja3
https://cf.shopee.vn/file/ph-11134103-7r98z-lp6rj10wfjl528
https://cf.shopee.vn/file/ph-11134103-7r98x-lp6rj10mfy33b1","Blue/Waterfall-2,8/41",no,ph,yes,"https://cf.shopee.vn/file/ph-11134103-7r98v-lp6rj116f4uned, https://cf.shopee.vn/file/ph-11134103-7r991-lp6rj116f4yxde, https://cf.shopee.vn/file/ph-11134103-7r98y-lp6rj116ul3ja3, https://cf.shopee.vn/file/ph-11134103-7r98z-lp6rj10wfjl528, https://cf.shopee.vn/file/ph-11134103-7r98x-lp6rj10mfy33b1",https://down-tx-sg.vod.susercontent.com/api/v4/11110103/mms/ph-11110103-6ke16-lp6rjfvkp3ynab.default.mp4,view review
99,,ryanrojasricablanca,13/12/23,5,5,5,5,"Quality:10/10
Suitability:10/10
Appearance:10/10

Superb quality, Legit store, and cheap price what else can you ask for?
Definitely I recommend this shop if you want to buy a shoes do not hesitate.
https://cf.shopee.vn/file/ph-11134103-7r98q-lp7w45vvfx7t0f
https://cf.shopee.vn/file/ph-11134103-7r98r-lp7w4gdi3az3e8
https://cf.shopee.vn/file/ph-11134103-7r98q-lp7w4gds2wcvd6
https://cf.shopee.vn/file/ph-11134103-7r98t-lp7w4gds2wh5d1
https://cf.shopee.vn/file/ph-11134103-7r98o-lp7w4gdsiclr2c","Blue/Waterfall-2,11/45",no,ph,yes,"https://cf.shopee.vn/file/ph-11134103-7r98q-lp7w45vvfx7t0f, https://cf.shopee.vn/file/ph-11134103-7r98r-lp7w4gdi3az3e8, https://cf.shopee.vn/file/ph-11134103-7r98q-lp7w4gds2wcvd6, https://cf.shopee.vn/file/ph-11134103-7r98t-lp7w4gds2wh5d1, https://cf.shopee.vn/file/ph-11134103-7r98o-lp7w4gdsiclr2c",https://down-tx-sg.vod.susercontent.com/api/v4/11110103/mms/ph-11110103-6ke17-lp7w4yl5fubz87.default.mp4,view review
100,,f9mh2tjm0a,18/12/23,5,5,5,5,"Quality:satisfied
Suitability:satisfied
Appearance:satisfied

This is one of the best affordable and very worth it shoes I've ever bought. Guys! I highly recommend these shoes. Maybe for others that have high standards it's just normal shoes. But for me this is worth it. Anta shoes made me happy 😊","White/Blue-1,10.5/44.5",no,ph,no,,,view review
101,,j*****r,21/12/23,5,5,5,5,"Appearance:100
Quality:superb
Suitability:100

I'm happy that i purchased on this store legit, and i used my 1600 off vouchers, very affordable, it takes 6 days, worth the wait thank you seller and rider good job","Blue/Waterfall-2,12/46",no,ph,yes,,https://down-tx-sg.vod.susercontent.com/api/v4/11110103/mms/ph-11110103-6ke16-lpiryd4bms3k5a.default.mp4,view review
102,,p*****7,21/12/23,5,5,5,5,"Quality:good
Suitability:good
Appearance:good

I hope it fits to my nephew. And i hope he likes it too. My gift for christmas. Thanks. 👍😊
https://cf.shopee.vn/file/ph-11134103-7r98x-lpisccabcjd6c4
https://cf.shopee.vn/file/ph-11134103-7r98z-lpisccabcjwgf7
https://cf.shopee.vn/file/ph-11134103-7r98x-lpisreq9icw032","White/Green/Yellow-5,9.5/43",no,ph,yes,"https://cf.shopee.vn/file/ph-11134103-7r98x-lpisccabcjd6c4, https://cf.shopee.vn/file/ph-11134103-7r98z-lpisccabcjwgf7, https://cf.shopee.vn/file/ph-11134103-7r98x-lpisreq9icw032",https://down-cvs-sg.vod.susercontent.com/api/v4/11110103/mms/ph-11110103-6ke18-lpisrqs7vax6c1.default.mp4,view review
103,,lalaheart,22/12/23,5,5,5,3,"Quality:Goods
Suitability:Goods
Appearance:Goods na goods

Ganda lambot sarap sa paa, malamang makapit to sa tabla, and Kala ko nung una parang mahaba yung 25.5cm foot length nila dito eh pero oo mahaba pala konti pero ok lang hahaa, pero wag ka 4 working days lang hahaha nice mabilis delivery process wow ,
https://cf.shopee.vn/file/ph-11134103-7r98v-lpk88xdt4qh610
https://cf.shopee.vn/file/ph-11134103-7r992-lpk88x4xhq8a31
https://cf.shopee.vn/file/ph-11134103-7r98y-lpk88x57hc5cf9
https://cf.shopee.vn/file/ph-11134103-7r98r-lpk88x57hbm23c
https://cf.shopee.vn/file/ph-11134103-7r992-lpk88x4xhqrka4","White/Blue-1,8/41",no,ph,yes,"https://cf.shopee.vn/file/ph-11134103-7r98v-lpk88xdt4qh610, https://cf.shopee.vn/file/ph-11134103-7r992-lpk88x4xhq8a31, https://cf.shopee.vn/file/ph-11134103-7r98y-lpk88x57hc5cf9, https://cf.shopee.vn/file/ph-11134103-7r98r-lpk88x57hbm23c, https://cf.shopee.vn/file/ph-11134103-7r992-lpk88x4xhqrka4",https://down-tx-sg.vod.susercontent.com/api/v4/11110103/mms/ph-11110103-6ke16-lpk89ia0jzk021.default.mp4,view review
104,,z*****g,22/12/23,5,5,5,5,"Appearance:9/10
Suitability:9/10
Quality:8/10

Thank you seller for being responsible seller and thanks it's so recommended products Ihope it will the same quality on my next  purchase 😊😊 thank you shopee for the friendly discount I hope it will continue and more more discount to claim😁😊 also thank you for the courier who deliver it in good condition and for the safe travel...........
thank you and god bless you all may god bless your business and to keep you all safe as always THANK YOU 😊
https://cf.shopee.vn/file/ph-11134103-7r98w-lpkn8oj28j5z75
https://cf.shopee.vn/file/ph-11134103-7r991-lpkn8oj29xqf28
https://cf.shopee.vn/file/ph-11134103-7r991-lpkn8oj2bcav77
https://cf.shopee.vn/file/ph-11134103-7r98s-lpkn8oj2cqvbdd
https://cf.shopee.vn/file/ph-11134103-7r992-lpkn8oj2e5fr42","Blue/Waterfall-2,10/44",no,ph,yes,"https://cf.shopee.vn/file/ph-11134103-7r98w-lpkn8oj28j5z75, https://cf.shopee.vn/file/ph-11134103-7r991-lpkn8oj29xqf28, https://cf.shopee.vn/file/ph-11134103-7r991-lpkn8oj2bcav77, https://cf.shopee.vn/file/ph-11134103-7r98s-lpkn8oj2cqvbdd, https://cf.shopee.vn/file/ph-11134103-7r992-lpkn8oj2e5fr42",,view review
105,,kalkezia9,22/12/23,5,5,5,5,"Appearance:excellent
Quality:excellent
Suitability:excellent

ang ganda ng fit true to size 👍 walang alog sa paa sulit na sulit 👍 ang sarap gamiten sa laro👍 thank you seller and shoppe 👍
https://cf.shopee.vn/file/ph-11134103-7r98s-lpkwvdgtntpb99
https://cf.shopee.vn/file/ph-11134103-7r98y-lpkwvd7o182n1e
https://cf.shopee.vn/file/ph-11134103-7r990-lpkwvdgtntvgd9
https://cf.shopee.vn/file/ph-11134103-7r98q-lpkwvd7421h818
https://cf.shopee.vn/file/ph-11134103-7r98v-lpkwvd9vxz4v5a","Blue/Waterfall-2,8.5/42",no,ph,yes,"https://cf.shopee.vn/file/ph-11134103-7r98s-lpkwvdgtntpb99, https://cf.shopee.vn/file/ph-11134103-7r98y-lpkwvd7o182n1e, https://cf.shopee.vn/file/ph-11134103-7r990-lpkwvdgtntvgd9, https://cf.shopee.vn/file/ph-11134103-7r98q-lpkwvd7421h818, https://cf.shopee.vn/file/ph-11134103-7r98v-lpkwvd9vxz4v5a",,view review
106,,a*****5,23/12/23,5,5,5,5,"Quality:GOOD
Appearance:G00d
Suitability:GOod

Walang bubble wrap kaya medyo sira ang box nya ...
Goods naman yung item maganda saktong sakto ang size nya ... Salamat seller
https://cf.shopee.vn/file/ph-11134103-7r990-lplz2rnfnean57
https://cf.shopee.vn/file/ph-11134103-7r992-lplz2rmlom5bd3","Blue/Waterfall-2,10/44",no,ph,yes,"https://cf.shopee.vn/file/ph-11134103-7r990-lplz2rnfnean57, https://cf.shopee.vn/file/ph-11134103-7r992-lplz2rmlom5bd3",https://down-cvs-sg.vod.susercontent.com/api/v4/11110103/mms/ph-11110103-6ke15-lplz992q27ek0b.default.mp4,view review
107,,zenkilumogdang,26/12/23,5,5,5,5,"Suitability:Super Ganda
Quality:Maganda
Appearance:Maganda

Super ganda ng shoes and ang laki ng naging discount kaya super happy ang husband ko.
https://cf.shopee.vn/file/ph-11134103-7r98t-lppzkw4l7ct4ee
https://cf.shopee.vn/file/ph-11134103-7r98v-lppzkw4v6ycxe0
https://cf.shopee.vn/file/ph-11134103-7r98z-lppzkw4vmeltb3","Blue/Waterfall-2,8/41",no,ph,yes,"https://cf.shopee.vn/file/ph-11134103-7r98t-lppzkw4l7ct4ee, https://cf.shopee.vn/file/ph-11134103-7r98v-lppzkw4v6ycxe0, https://cf.shopee.vn/file/ph-11134103-7r98z-lppzkw4vmeltb3",https://down-tx-sg.vod.susercontent.com/api/v4/11110103/mms/ph-11110103-6ke16-lppzl6qxnucxf4.default.mp4,view review
108,,janjandelgado,26/12/23,5,4,5,4,"Appearance:10/10 - I love white and it looks handsome
Quality:10/10 - Original, very comfortable to wear

Tho the box is just a normal anta box, the shoes itself is original and doesn't have any damage. 100% legit and original❤️❤️
https://cf.shopee.vn/file/ph-11134103-7r98s-lpq2uydrgyhk2a
https://cf.shopee.vn/file/ph-11134103-7r98u-lpq2uyffeiy9b8
https://cf.shopee.vn/file/ph-11134103-7r98o-lpq2uye1gk1dbb
https://cf.shopee.vn/file/ph-11134103-7r992-lpq2uyelfqmwb2","White/Blue-1,8.5/42",no,ph,yes,"https://cf.shopee.vn/file/ph-11134103-7r98s-lpq2uydrgyhk2a, https://cf.shopee.vn/file/ph-11134103-7r98u-lpq2uyffeiy9b8, https://cf.shopee.vn/file/ph-11134103-7r98o-lpq2uye1gk1dbb, https://cf.shopee.vn/file/ph-11134103-7r992-lpq2uyelfqmwb2",,view review
109,,rohaimah08,26/12/23,5,5,5,5,"Suitability:Good na good
Appearance:Original
Quality:Very good quality

Thanks po sa anta official store, sa seller and riders. Maganda po ang product. Tama naman po ang size at color na binigay. Salamat po sa tamang padala at sana po lahat ng seller ay kagaya niyo. Sa riders po ng j&t maraming salamat po. Ayos po ang delivery mabilis po dumating.
Comments po ay okey na okey po.
https://cf.shopee.vn/file/ph-11134103-7r992-lpq3lr2brwrce8
https://cf.shopee.vn/file/ph-11134103-7r98w-lpq3lr5dng4x43
https://cf.shopee.vn/file/ph-11134103-7r98x-lpq3lpo3tehk18
https://cf.shopee.vn/file/ph-11134103-7r98r-lpq3lpo3tenlaa
https://cf.shopee.vn/file/ph-11134103-7r98z-lpq3lpmzv14hcb","White/Blue-1,10/44",no,ph,yes,"https://cf.shopee.vn/file/ph-11134103-7r992-lpq3lr2brwrce8, https://cf.shopee.vn/file/ph-11134103-7r98w-lpq3lr5dng4x43, https://cf.shopee.vn/file/ph-11134103-7r98x-lpq3lpo3tehk18, https://cf.shopee.vn/file/ph-11134103-7r98r-lpq3lpo3tenlaa, https://cf.shopee.vn/file/ph-11134103-7r98z-lpq3lpmzv14hcb",https://down-tx-sg.vod.susercontent.com/api/v4/11110103/mms/ph-11110103-6ke14-lpq3p5k2k7014a.default.mp4,view review
110,,roseyvonnelood,27/12/23,5,5,5,5,"Quality:legit 100%
Appearance:excellent
Suitability:true to size

No picture but the product 100% legit, very good item
Next time, i will order again... thank you, seller...","Blue/Waterfall-2,9/42.5",no,ph,no,,,view review
111,,antukin214,27/12/23,5,5,5,5,"Suitability:Great
Quality:Great
Appearance:Awesome

Package arrived in good condition and box is not deformed. It’s true to size and is very comfortable to wear. It’s good for outdoor basketball and you can also use it for casual wear.
https://cf.shopee.vn/file/ph-11134103-7r991-lps1tqxf97bj8f
https://cf.shopee.vn/file/ph-11134103-7r98v-lps1tqxfonkff1
https://cf.shopee.vn/file/ph-11134103-7r990-lps1tqxetr2n16
https://cf.shopee.vn/file/ph-11134103-7r98z-lps29hmthdbv1e
https://cf.shopee.vn/file/ph-11134103-7r98y-lps29hmtwtkr59","Blue/Waterfall-2,9/42.5",no,ph,yes,"https://cf.shopee.vn/file/ph-11134103-7r991-lps1tqxf97bj8f, https://cf.shopee.vn/file/ph-11134103-7r98v-lps1tqxfonkff1, https://cf.shopee.vn/file/ph-11134103-7r990-lps1tqxetr2n16, https://cf.shopee.vn/file/ph-11134103-7r98z-lps29hmthdbv1e, https://cf.shopee.vn/file/ph-11134103-7r98y-lps29hmtwtkr59",,view review
112,,renebactong2,03/01/24,5,5,5,5,"Suitability:perfect
Quality:very good
Appearance:super light

Perfect choice.suitable, comfortable to wear. Correct size, worth it.i am satisfied the product. I recommend this shoe model to other arhlete
https://cf.shopee.vn/file/ph-11134103-7r98v-lq28hxclqedr4e
https://cf.shopee.vn/file/ph-11134103-7r98y-lq28hxhbkwgf6f
https://cf.shopee.vn/file/ph-11134103-7r98z-lq28hxclqeuz6a","Blue/Waterfall-2,10/44",no,ph,yes,"https://cf.shopee.vn/file/ph-11134103-7r98v-lq28hxclqedr4e, https://cf.shopee.vn/file/ph-11134103-7r98y-lq28hxhbkwgf6f, https://cf.shopee.vn/file/ph-11134103-7r98z-lq28hxclqeuz6a",https://down-tx-sg.vod.susercontent.com/api/v4/11110103/mms/ph-11110103-6ke18-lq28ibqmoce38f.default.mp4,view review
113,,edgaaards22,05/01/24,5,5,5,5,"Quality:Excellent
Appearance:Excellent
Suitability:True to Size

I really love the shoes. First impression was so amazing. More fashionable when worn. I am so amaze with the design. 
Legit anta shoes. No doubt, it really an amazing shoes.
https://cf.shopee.vn/file/ph-11134103-7r98p-lq4ju0ga9sjfab
https://cf.shopee.vn/file/ph-11134103-7r98u-lq4ju0g0cztb1b
https://cf.shopee.vn/file/ph-11134103-7r98s-lq4ju0gkc6kv26
https://cf.shopee.vn/file/ph-11134103-7r98p-lq4ju0gubrynde","Blue/Waterfall-2,10.5/44.5",no,ph,yes,"https://cf.shopee.vn/file/ph-11134103-7r98p-lq4ju0ga9sjfab, https://cf.shopee.vn/file/ph-11134103-7r98u-lq4ju0g0cztb1b, https://cf.shopee.vn/file/ph-11134103-7r98s-lq4ju0gkc6kv26, https://cf.shopee.vn/file/ph-11134103-7r98p-lq4ju0gubrynde",,view review
114,,senchy,07/01/24,5,5,5,5,"Quality:10
Appearance:10
Suitability:10

Legit naman mga item very nice and comfortable accommodating seller , bilis ng item and convenient gamitin kudos sa seller and shop will order again soon if meron ulit.","White/Blue-1,11/45",no,ph,no,,,view review
115,,r*****1,07/01/24,5,5,5,5,"Suitability:superb
Appearance:excellent
Quality:superbbb

Magaan, pwede pan jogging. Super ganda ng kulay. Mabilis din nadeliver sa bahay. Thank you seller!
https://cf.shopee.vn/file/ph-11134103-7r98y-lq7dm4t2d8l7e6
https://cf.shopee.vn/file/ph-11134103-7r992-lq7dm4t3852z33
https://cf.shopee.vn/file/ph-11134103-7r98o-lq7dm4tmcfcra2
https://cf.shopee.vn/file/ph-11134103-7r98q-lq7dm4sifge352
https://cf.shopee.vn/file/ph-11134103-7r98u-lq7dm4t2sou33a","Blue/Waterfall-2,9.5/43",no,ph,yes,"https://cf.shopee.vn/file/ph-11134103-7r98y-lq7dm4t2d8l7e6, https://cf.shopee.vn/file/ph-11134103-7r992-lq7dm4t3852z33, https://cf.shopee.vn/file/ph-11134103-7r98o-lq7dm4tmcfcra2, https://cf.shopee.vn/file/ph-11134103-7r98q-lq7dm4sifge352, https://cf.shopee.vn/file/ph-11134103-7r98u-lq7dm4t2sou33a",https://down-tx-sg.vod.susercontent.com/api/v4/11110103/mms/ph-11110103-6ke16-lq7dpkriyyt7aa.default.mp4,view review
116,,katrequiza,08/01/24,5,5,5,5,"Suitability:Okay
Quality:Excellent
Appearance:NA

Got this during sale pang regalo sa nobyo ko. Next time sana makabili ako ng anta pang sakin naman haha. Thank you po 🫶🏻
https://cf.shopee.vn/file/ph-11134103-7r98p-lq8ojwou9ufjd5","Blue/Waterfall-2,12/46",no,ph,yes,https://cf.shopee.vn/file/ph-11134103-7r98p-lq8ojwou9ufjd5,https://down-tx-sg.vod.susercontent.com/api/v4/11110103/mms/ph-11110103-6ke17-lq8olhv2lvwb15.default.mp4,view review
117,,dexteremborniza,09/01/24,5,5,5,5,"Appearance:More than I expect (nice)
Suitability:Good
Quality:Original

Thank you seller.. Good quality shoes
https://cf.shopee.vn/file/ph-11134103-7r991-lqam7014ienv44
https://cf.shopee.vn/file/ph-11134103-7r98v-lqam7014ie6ne2
https://cf.shopee.vn/file/ph-11134103-7r98y-lqam7028gs6zea","Blue/Waterfall-2,8.5/42",no,ph,yes,"https://cf.shopee.vn/file/ph-11134103-7r991-lqam7014ienv44, https://cf.shopee.vn/file/ph-11134103-7r98v-lqam7014ie6ne2, https://cf.shopee.vn/file/ph-11134103-7r98y-lqam7028gs6zea",,view review
118,,b*****n,13/01/24,5,5,5,5,"Appearance:10/10
Suitability:10/10
Quality:10/10

LEGIT SOBRA! THANK YOU SELLER! SOBRANG SOLID NG ANTA TALAGA ❤️ Bibili pa ulit ako soon!
https://cf.shopee.vn/file/ph-11134103-7r98v-lqgar1zk1ol756
https://cf.shopee.vn/file/ph-11134103-7r991-lqgar1zk335n08","White/Blue-1,9.5/43",no,ph,yes,"https://cf.shopee.vn/file/ph-11134103-7r98v-lqgar1zk1ol756, https://cf.shopee.vn/file/ph-11134103-7r991-lqgar1zk335n08",https://down-cvs-sg.vod.susercontent.com/api/v4/11110103/mms/ph-11110103-6ke18-lqgate6aujin23.default.mp4,view review
119,,01234mikemike,17/01/24,5,5,5,5,"Quality:Excellent
Suitability:excellent
Appearance:Excellent

My first Klay Thompson shoes. LEGIT. Received the item in excellent condition. Very fast delivery. Hopefully, the item will last longer. you very much seller
https://cf.shopee.vn/file/ph-11134103-7r992-lqlijs8nqksb0f
https://cf.shopee.vn/file/ph-11134103-7r991-lqlijs8nrzcr9c","Blue/Waterfall-2,8/41",no,ph,yes,"https://cf.shopee.vn/file/ph-11134103-7r992-lqlijs8nqksb0f, https://cf.shopee.vn/file/ph-11134103-7r991-lqlijs8nrzcr9c",https://down-tx-sg.vod.susercontent.com/api/v4/11110103/mms/ph-11110103-6ke17-lqlilegwiyq7fe.default.mp4,view review
120,,e*****7,19/01/24,5,5,5,5,"Suitability:True to fit and Comfortable
Appearance:Very nice and cool
Quality:Original, Durable, Maganda!

Sobrang angas, pangatlong sapatos na ito na binili ko from this shop kasi super legit nila. This time ito size 12 kasi regalo ko sa birthday ni papa at sobrang nagustuhan niya naman kaya nakakatuwa. Gusto na agad magbasketball. Ganda nung style sa gilid nung sintas at ganda rin nung suwelas. Recommended sa mga malalaki ang paa. Salamat seller, sa uulitin!
https://cf.shopee.vn/file/ph-11134103-7r98x-lqocm1qbjhkr12
https://cf.shopee.vn/file/ph-11134103-7r98u-lqocm1rphg0fe1
https://cf.shopee.vn/file/ph-11134103-7r98z-lqocm1sjetlbd8
https://cf.shopee.vn/file/ph-11134103-7r98t-lqocm1rpg1x759","Blue/Waterfall-2,12/46",no,ph,yes,"https://cf.shopee.vn/file/ph-11134103-7r98x-lqocm1qbjhkr12, https://cf.shopee.vn/file/ph-11134103-7r98u-lqocm1rphg0fe1, https://cf.shopee.vn/file/ph-11134103-7r98z-lqocm1sjetlbd8, https://cf.shopee.vn/file/ph-11134103-7r98t-lqocm1rpg1x759",https://down-tx-sg.vod.susercontent.com/api/v4/11110103/mms/ph-11110103-6ke16-lqocmtskh3kf49.default.mp4,view review
,,,,,,,,,,,,,,,
